year_month,ita_name,responses
2008-07,ニュース速報,80199.20588235294
2008-07,ニュース速報+,97108.0
2008-07,ニュー速VIP,272602.76470588235
2008-07,番組ch(NHK),37275.14705882353
2008-07,番組ch(TBS),36032.17647058824
2008-07,番組ch(フジ),76183.20588235294
2008-07,番組ch(朝日),32696.41176470588
2008-07,芸スポ速報+,35728.382352941175
2008-08,ニュース速報,89975.48387096774
2008-08,ニュース速報+,93245.09677419355
2008-08,ニュー速VIP,305815.3870967742
2008-08,番組ch(NHK),79996.29032258065
2008-08,番組ch(TBS),41230.6129032258
2008-08,番組ch(フジ),60136.032258064515
2008-08,番組ch(朝日),40186.48387096774
2008-08,芸スポ速報+,54762.1935483871
2008-09,ニュース速報,77497.13333333333
2008-09,ニュース速報+,89244.26666666666
2008-09,ニュー速VIP,239322.86666666667
2008-09,番組ch(NHK),40498.166666666664
2008-09,番組ch(TBS),40153.066666666666
2008-09,番組ch(フジ),60626.933333333334
2008-09,番組ch(朝日),41054.833333333336
2008-09,芸スポ速報+,41097.666666666664
2008-10,ニュース速報,89549.89655172414
2008-10,ニュース速報+,87991.0
2008-10,ニュー速VIP,247320.12903225806
2008-10,番組ch(NHK),43050.16129032258
2008-10,番組ch(TBS),42425.54838709677
2008-10,番組ch(フジ),64248.22580645161
2008-10,番組ch(朝日),43061.0
2008-10,芸スポ速報+,43643.709677419356
2008-11,ニュース速報,89758.16666666667
2008-11,ニュース速報+,91682.8
2008-11,ニュー速VIP,238720.06666666668
2008-11,番組ch(NHK),41899.23333333333
2008-11,番組ch(TBS),39375.73333333333
2008-11,番組ch(フジ),60671.933333333334
2008-11,番組ch(朝日),42920.333333333336
2008-11,芸スポ速報+,48166.333333333336
2008-12,ニュース速報,87668.90322580645
2008-12,ニュース速報+,84870.80645161291
2008-12,ニュー速VIP,238803.8064516129
2008-12,番組ch(NHK),43252.83870967742
2008-12,番組ch(TBS),43912.54838709677
2008-12,番組ch(フジ),63410.93548387097
2008-12,番組ch(朝日),46521.41935483871
2008-12,芸スポ速報+,43528.354838709674
2009-01,ニュース速報,105534.80645161291
2009-01,ニュース速報+,87809.12903225806
2009-01,ニュー速VIP,254303.35483870967
2009-01,番組ch(NHK),48235.45161290323
2009-01,番組ch(TBS),40110.709677419356
2009-01,番組ch(フジ),66127.7741935484
2009-01,番組ch(朝日),52685.22580645161
2009-01,芸スポ速報+,42609.87096774193
2009-02,ニュース速報,104995.17857142857
2009-02,ニュース速報+,92346.46428571429
2009-02,ニュー速VIP,235332.82142857142
2009-02,番組ch(NHK),39157.71428571428
2009-02,番組ch(TBS),33864.67857142857
2009-02,番組ch(フジ),57962.392857142855
2009-02,番組ch(朝日),48097.32142857143
2009-02,芸スポ速報+,44160.07142857143
2009-03,ニュース速報,98313.51612903226
2009-03,ニュース速報+,82023.19354838709
2009-03,ニュー速VIP,208840.4516129032
2009-03,番組ch(NHK),37186.12903225807
2009-03,番組ch(TBS),49917.290322580644
2009-03,番組ch(フジ),54165.16129032258
2009-03,番組ch(朝日),46704.3870967742
2009-03,芸スポ速報+,52416.51612903226
2009-04,ニュース速報,99884.66666666667
2009-04,ニュース速報+,99579.73333333334
2009-04,ニュー速VIP,208830.13333333333
2009-04,番組ch(NHK),39107.166666666664
2009-04,番組ch(TBS),35668.6
2009-04,番組ch(フジ),60618.26666666667
2009-04,番組ch(朝日),42186.03333333333
2009-04,芸スポ速報+,57847.666666666664
2009-05,ニュース速報,96175.93548387097
2009-05,ニュース速報+,101665.70967741935
2009-05,ニュー速VIP,218119.64516129033
2009-05,番組ch(NHK),44888.54838709677
2009-05,番組ch(TBS),34263.25806451613
2009-05,番組ch(フジ),58710.93548387097
2009-05,番組ch(朝日),42213.967741935485
2009-05,芸スポ速報+,44304.709677419356
2009-06,ニュース速報,98774.63333333333
2009-06,ニュース速報+,101091.23333333334
2009-06,ニュー速VIP,226305.93333333332
2009-06,番組ch(NHK),41288.46666666667
2009-06,番組ch(TBS),28741.1
2009-06,番組ch(フジ),60211.13333333333
2009-06,番組ch(朝日),43636.566666666666
2009-06,芸スポ速報+,51740.36666666667
2009-07,ニュース速報,107072.12903225806
2009-07,ニュース速報+,107130.12903225806
2009-07,ニュー速VIP,256826.48387096773
2009-07,番組ch(NHK),44057.032258064515
2009-07,番組ch(TBS),30718.129032258064
2009-07,番組ch(フジ),69809.58064516129
2009-07,番組ch(朝日),41823.45161290323
2009-07,芸スポ速報+,46473.096774193546
2009-08,ニュース速報,116398.74193548386
2009-08,ニュース速報+,113748.32258064517
2009-08,ニュー速VIP,259834.12903225806
2009-08,番組ch(NHK),53845.22580645161
2009-08,番組ch(TBS),47479.87096774193
2009-08,番組ch(フジ),61852.6129032258
2009-08,番組ch(朝日),44704.22580645161
2009-08,芸スポ速報+,67254.19354838709
2009-09,ニュース速報,121062.83333333333
2009-09,ニュース速報+,114170.1
2009-09,ニュー速VIP,274094.63333333336
2009-09,番組ch(NHK),45035.566666666666
2009-09,番組ch(TBS),38007.5
2009-09,番組ch(フジ),62963.9
2009-09,番組ch(朝日),50763.066666666666
2009-09,芸スポ速報+,56029.8
2009-10,ニュース速報,106945.2258064516
2009-10,ニュース速報+,101913.25806451614
2009-10,ニュー速VIP,261100.70967741936
2009-10,番組ch(NHK),44127.6129032258
2009-10,番組ch(TBS),39279.67741935484
2009-10,番組ch(フジ),64254.12903225807
2009-10,番組ch(朝日),43277.74193548387
2009-10,芸スポ速報+,51518.93548387097
2009-11,ニュース速報,95691.36666666667
2009-11,ニュース速報+,92749.53333333334
2009-11,ニュー速VIP,188424.36666666667
2009-11,番組ch(NHK),42965.13333333333
2009-11,番組ch(TBS),30455.7
2009-11,番組ch(フジ),52651.0
2009-11,番組ch(朝日),36449.86666666667
2009-11,芸スポ速報+,46035.2
2009-12,ニュース速報,101438.74193548386
2009-12,ニュース速報+,99956.70967741935
2009-12,ニュー速VIP,235161.25806451612
2009-12,番組ch(NHK),45775.41935483871
2009-12,番組ch(TBS),35839.1935483871
2009-12,番組ch(フジ),62714.096774193546
2009-12,番組ch(朝日),44687.51612903226
2009-12,芸スポ速報+,47267.290322580644
2010-01,ニュース速報,89180.41935483871
2010-01,ニュース速報+,77154.87096774194
2010-01,ニュー速VIP,139659.1935483871
2010-01,番組ch(NHK),43815.06451612903
2010-01,番組ch(TBS),29202.064516129034
2010-01,番組ch(フジ),48802.354838709674
2010-01,番組ch(朝日),39156.93548387097
2010-01,芸スポ速報+,29535.548387096773
2010-02,ニュース速報,102009.32142857143
2010-02,ニュース速報+,79549.53571428571
2010-02,ニュー速VIP,166702.82142857142
2010-02,番組ch(NHK),71150.75
2010-02,番組ch(TBS),24392.75
2010-02,番組ch(フジ),49136.32142857143
2010-02,番組ch(朝日),38754.42857142857
2010-02,芸スポ速報+,44384.0
2010-03,ニュース速報,132252.13333333333
2010-03,ニュース速報+,100096.0
2010-03,ニュー速VIP,206139.83333333334
2010-03,番組ch(NHK),47217.933333333334
2010-03,番組ch(TBS),28258.2
2010-03,番組ch(フジ),52886.13333333333
2010-03,番組ch(朝日),39536.7
2010-03,芸スポ速報+,40340.066666666666
2010-04,ニュース速報,87015.06666666667
2010-04,ニュース速報+,82297.36666666667
2010-04,ニュー速VIP,158557.4
2010-04,番組ch(NHK),35368.3
2010-04,番組ch(TBS),27870.7
2010-04,番組ch(フジ),42096.166666666664
2010-04,番組ch(朝日),35914.23333333333
2010-04,芸スポ速報+,32064.533333333333
2010-05,ニュース速報,74628.83870967742
2010-05,ニュース速報+,79746.41935483871
2010-05,ニュー速VIP,135496.90322580645
2010-05,番組ch(NHK),38323.645161290326
2010-05,番組ch(TBS),26556.354838709678
2010-05,番組ch(フジ),38784.096774193546
2010-05,番組ch(朝日),39823.22580645161
2010-05,芸スポ速報+,29124.064516129034
2010-06,ニュース速報,86984.23333333334
2010-06,ニュース速報+,70049.26666666666
2010-06,ニュー速VIP,191215.96666666667
2010-06,番組ch(NHK),67000.03333333334
2010-06,番組ch(TBS),46920.36666666667
2010-06,番組ch(フジ),56713.76666666667
2010-06,番組ch(朝日),46648.6
2010-06,芸スポ速報+,55754.7
2010-07,ニュース速報,81184.41935483871
2010-07,ニュース速報+,73052.3870967742
2010-07,ニュー速VIP,176813.5806451613
2010-07,番組ch(NHK),42164.83870967742
2010-07,番組ch(TBS),28318.032258064515
2010-07,番組ch(フジ),47707.6129032258
2010-07,番組ch(朝日),33044.93548387097
2010-07,芸スポ速報+,38306.1935483871
2010-08,ニュース速報,82064.2258064516
2010-08,ニュース速報+,65986.96774193548
2010-08,ニュー速VIP,142735.12903225806
2010-08,番組ch(NHK),46025.51612903226
2010-08,番組ch(TBS),22526.58064516129
2010-08,番組ch(フジ),38437.22580645161
2010-08,番組ch(朝日),29487.90322580645
2010-08,芸スポ速報+,24960.451612903227
2010-09,ニュース速報,86801.10714285714
2010-09,ニュース速報+,70524.21428571429
2010-09,ニュー速VIP,142887.75
2010-09,番組ch(NHK),36230.28571428572
2010-09,番組ch(TBS),30227.178571428572
2010-09,番組ch(フジ),38039.21428571428
2010-09,番組ch(朝日),34907.5
2010-09,芸スポ速報+,24676.14285714286
2010-10,ニュース速報,102769.96774193548
2010-10,ニュース速報+,82690.70967741935
2010-10,ニュー速VIP,173351.09677419355
2010-10,番組ch(NHK),40532.709677419356
2010-10,番組ch(TBS),32108.709677419356
2010-10,番組ch(フジ),58415.48387096774
2010-10,番組ch(朝日),39118.0
2010-10,芸スポ速報+,39100.06451612903
2010-11,ニュース速報,109490.0
2010-11,ニュース速報+,104260.76666666666
2010-11,ニュー速VIP,157133.63333333333
2010-11,番組ch(NHK),47550.23333333333
2010-11,番組ch(TBS),28362.833333333332
2010-11,番組ch(フジ),51251.53333333333
2010-11,番組ch(朝日),39314.26666666667
2010-11,芸スポ速報+,37545.26666666667
2010-12,ニュース速報,84222.83870967742
2010-12,ニュース速報+,66470.06451612903
2010-12,ニュー速VIP,127116.87096774194
2010-12,番組ch(NHK),39543.74193548387
2010-12,番組ch(TBS),30426.225806451614
2010-12,番組ch(フジ),47279.645161290326
2010-12,番組ch(朝日),38758.032258064515
2010-12,芸スポ速報+,31184.83870967742
2011-01,ニュース速報,85862.19354838709
2011-01,ニュース速報+,52905.290322580644
2011-01,ニュー速VIP,138893.25806451612
2011-01,番組ch(NHK),39430.903225806454
2011-01,番組ch(TBS),29060.064516129034
2011-01,番組ch(フジ),48059.6129032258
2011-01,番組ch(朝日),50446.6129032258
2011-01,芸スポ速報+,23875.1935483871
2011-02,ニュース速報,112092.14285714286
2011-02,ニュース速報+,84503.0
2011-02,ニュー速VIP,181618.67857142858
2011-02,番組ch(NHK),48427.82142857143
2011-02,番組ch(TBS),30882.535714285714
2011-02,番組ch(フジ),55785.5
2011-02,番組ch(朝日),48072.42857142857
2011-02,芸スポ速報+,46161.46428571428
2011-03,ニュース速報,203808.5806451613
2011-03,ニュース速報+,172526.32258064515
2011-03,ニュー速VIP,224628.16129032258
2011-03,番組ch(NHK),107755.0
2011-03,番組ch(TBS),36140.74193548387
2011-03,番組ch(フジ),66054.06451612903
2011-03,番組ch(朝日),47893.3870967742
2011-03,芸スポ速報+,44080.032258064515
2011-04,ニュース速報,142097.23333333334
2011-04,ニュース速報+,129004.33333333333
2011-04,ニュー速VIP,233769.06666666668
2011-04,番組ch(NHK),76185.63333333333
2011-04,番組ch(TBS),40209.03333333333
2011-04,番組ch(フジ),53735.2
2011-04,番組ch(朝日),47985.166666666664
2011-04,芸スポ速報+,39613.76666666667
2011-05,ニュース速報,125316.16129032258
2011-05,ニュース速報+,98749.25806451614
2011-05,ニュー速VIP,252940.16129032258
2011-05,番組ch(NHK),59689.709677419356
2011-05,番組ch(TBS),34533.354838709674
2011-05,番組ch(フジ),53986.8064516129
2011-05,番組ch(朝日),46281.290322580644
2011-05,芸スポ速報+,45095.1935483871
2011-06,ニュース速報,129535.5
2011-06,ニュース速報+,88357.16666666667
2011-06,ニュー速VIP,232973.5
2011-06,番組ch(NHK),59845.3
2011-06,番組ch(TBS),35518.13333333333
2011-06,番組ch(フジ),54434.3
2011-06,番組ch(朝日),44781.73333333333
2011-06,芸スポ速報+,47761.333333333336
2011-07,ニュース速報,151177.32258064515
2011-07,ニュース速報+,93606.3870967742
2011-07,ニュー速VIP,319130.1612903226
2011-07,番組ch(NHK),58099.22580645161
2011-07,番組ch(TBS),38097.903225806454
2011-07,番組ch(フジ),72359.03225806452
2011-07,番組ch(朝日),42079.354838709674
2011-07,芸スポ速報+,71647.32258064517
2011-08,ニュース速報,162028.4516129032
2011-08,ニュース速報+,95700.70967741935
2011-08,ニュー速VIP,355463.6129032258
2011-08,番組ch(NHK),56109.645161290326
2011-08,番組ch(TBS),37849.6129032258
2011-08,番組ch(フジ),47602.32258064516
2011-08,番組ch(朝日),40942.22580645161
2011-08,芸スポ速報+,68863.29032258065
2011-09,ニュース速報,165759.23333333334
2011-09,ニュース速報+,95918.3
2011-09,ニュー速VIP,351037.9666666667
2011-09,番組ch(NHK),57686.73333333333
2011-09,番組ch(TBS),39094.86666666667
2011-09,番組ch(フジ),48453.333333333336
2011-09,番組ch(朝日),42651.23333333333
2011-09,芸スポ速報+,56241.3
2011-10,ニュース速報,159093.74193548388
2011-10,ニュース速報+,81965.51612903226
2011-10,ニュー速VIP,344852.03225806454
2011-10,番組ch(NHK),45684.1935483871
2011-10,番組ch(TBS),41781.032258064515
2011-10,番組ch(フジ),57970.16129032258
2011-10,番組ch(朝日),51704.096774193546
2011-10,芸スポ速報+,49695.032258064515
2011-11,BS実況(無料),8877.473684210527
2011-11,ニュース速報,163443.66666666666
2011-11,ニュース速報+,83188.06666666667
2011-11,ニュー速VIP,363702.9
2011-11,番組ch(NHK),50604.833333333336
2011-11,番組ch(TBS),35167.1
2011-11,番組ch(フジ),42582.566666666666
2011-11,番組ch(朝日),42999.066666666666
2011-11,芸スポ速報+,47702.066666666666
2011-12,BS実況(無料),8143.419354838709
2011-12,ニュース速報,164105.06451612903
2011-12,ニュース速報+,83490.64516129032
2011-12,ニュー速VIP,360089.6129032258
2011-12,番組ch(NHK),53634.645161290326
2011-12,番組ch(TBS),37688.32258064516
2011-12,番組ch(フジ),49589.74193548387
2011-12,番組ch(朝日),41766.709677419356
2011-12,芸スポ速報+,45847.16129032258
2012-01,BS実況(無料),8936.290322580646
2012-01,ニュース速報,76374.09677419355
2012-01,ニュース速報+,86696.67741935483
2012-01,ニュー速VIP,345800.96774193546
2012-01,番組ch(NHK),51502.8064516129
2012-01,番組ch(TBS),35210.12903225807
2012-01,番組ch(フジ),48338.354838709674
2012-01,番組ch(朝日),50753.32258064516
2012-01,芸スポ速報+,42740.32258064516
2012-02,BS実況(無料),9743.068965517241
2012-02,ニュース速報,12457.034482758621
2012-02,ニュース速報+,94244.0
2012-02,ニュー速VIP,305710.5517241379
2012-02,番組ch(NHK),50702.724137931036
2012-02,番組ch(TBS),30724.344827586207
2012-02,番組ch(フジ),38892.379310344826
2012-02,番組ch(朝日),44097.75862068965
2012-02,芸スポ速報+,50907.31034482759
2012-03,BS実況(無料),9967.129032258064
2012-03,ニュース速報,10454.677419354839
2012-03,ニュース速報+,89475.70967741935
2012-03,ニュー速VIP,316374.03225806454
2012-03,番組ch(NHK),52640.93548387097
2012-03,番組ch(TBS),34604.8064516129
2012-03,番組ch(フジ),43833.48387096774
2012-03,番組ch(朝日),43320.096774193546
2012-03,芸スポ速報+,47383.709677419356
2012-04,BS実況(無料),11586.966666666667
2012-04,ニュース速報,14577.266666666666
2012-04,ニュース速報+,83340.8
2012-04,ニュー速VIP,266399.1666666667
2012-04,番組ch(NHK),47273.53333333333
2012-04,番組ch(TBS),30635.5
2012-04,番組ch(フジ),42735.433333333334
2012-04,番組ch(朝日),42439.76666666667
2012-04,芸スポ速報+,43325.03333333333
2012-05,BS実況(無料),11128.612903225807
2012-05,ニュース速報,22284.612903225807
2012-05,ニュース速報+,96681.6129032258
2012-05,ニュー速VIP,310299.6129032258
2012-05,番組ch(NHK),50749.096774193546
2012-05,番組ch(TBS),29295.90322580645
2012-05,番組ch(フジ),45939.83870967742
2012-05,番組ch(朝日),44086.41935483871
2012-05,芸スポ速報+,55178.83870967742
2012-06,BS実況(無料),12736.366666666667
2012-06,ニュース速報,25061.1
2012-06,ニュース速報+,91538.96666666666
2012-06,ニュー速VIP,289094.13333333336
2012-06,番組ch(NHK),49784.4
2012-06,番組ch(TBS),34902.8
2012-06,番組ch(フジ),40802.63333333333
2012-06,番組ch(朝日),47367.4
2012-06,芸スポ速報+,51270.066666666666
2012-07,BS実況(無料),12373.387096774193
2012-07,ニュース速報,31367.387096774193
2012-07,ニュース速報+,103392.0
2012-07,ニュー速VIP,317559.77419354836
2012-07,番組ch(NHK),69959.87096774194
2012-07,番組ch(TBS),34587.6129032258
2012-07,番組ch(フジ),53496.51612903226
2012-07,番組ch(朝日),38552.032258064515
2012-07,芸スポ速報+,50155.16129032258
2012-08,BS実況(無料),10075.612903225807
2012-08,ニュース速報,34494.83870967742
2012-08,ニュース速報+,115260.74193548386
2012-08,ニュー速VIP,348547.1612903226
2012-08,番組ch(NHK),84607.16129032258
2012-08,番組ch(TBS),34000.16129032258
2012-08,番組ch(フジ),47287.77419354839
2012-08,番組ch(朝日),37550.12903225807
2012-08,芸スポ速報+,69748.74193548386
2012-09,BS実況(無料),11536.533333333333
2012-09,ニュース速報,34341.833333333336
2012-09,ニュース速報+,108785.13333333333
2012-09,ニュー速VIP,290793.23333333334
2012-09,番組ch(NHK),49646.23333333333
2012-09,番組ch(TBS),31100.6
2012-09,番組ch(フジ),43427.066666666666
2012-09,番組ch(朝日),44020.666666666664
2012-09,芸スポ速報+,47348.73333333333
2012-10,BS実況(無料),12577.58064516129
2012-10,ニュース速報,31813.774193548386
2012-10,ニュース速報+,94849.12903225806
2012-10,ニュー速VIP,283870.1612903226
2012-10,番組ch(NHK),44784.645161290326
2012-10,番組ch(TBS),28984.41935483871
2012-10,番組ch(フジ),48396.967741935485
2012-10,番組ch(朝日),39297.48387096774
2012-10,芸スポ速報+,46345.25806451613
2012-11,BS実況(無料),12638.733333333334
2012-11,ニュース速報,29684.766666666666
2012-11,ニュース速報+,93793.3
2012-11,ニュー速VIP,260063.13333333333
2012-11,番組ch(NHK),47206.333333333336
2012-11,番組ch(TBS),26199.333333333332
2012-11,番組ch(フジ),39200.36666666667
2012-11,番組ch(朝日),38844.566666666666
2012-11,芸スポ速報+,42427.03333333333
2012-12,BS実況(無料),12999.548387096775
2012-12,ニュース速報,33034.41935483871
2012-12,ニュース速報+,106643.93548387097
2012-12,ニュー速VIP,288305.73333333334
2012-12,番組ch(NHK),52990.93548387097
2012-12,番組ch(TBS),32199.612903225807
2012-12,番組ch(フジ),44954.1935483871
2012-12,番組ch(朝日),42940.8064516129
2012-12,芸スポ速報+,39518.903225806454
2013-01,BS実況(無料),13121.516129032258
2013-01,ニュース速報,31570.225806451614
2013-01,ニュース速報+,92346.67741935483
2013-01,ニュー速VIP,290018.0
2013-01,番組ch(NHK),49309.48387096774
2013-01,番組ch(TBS),32888.709677419356
2013-01,番組ch(フジ),36818.645161290326
2013-01,番組ch(朝日),43328.903225806454
2013-01,芸スポ速報+,39861.22580645161
2013-02,BS実況(無料),13369.75
2013-02,ニュース速報,31997.678571428572
2013-02,ニュース速報+,96169.35714285714
2013-02,ニュー速VIP,294257.5714285714
2013-02,番組ch(NHK),48421.42857142857
2013-02,番組ch(TBS),28396.285714285714
2013-02,番組ch(フジ),34092.142857142855
2013-02,番組ch(朝日),39858.78571428572
2013-02,芸スポ速報+,38768.82142857143
2013-03,BS実況(無料),12759.709677419354
2013-03,ニュース速報,32183.709677419356
2013-03,ニュース速報+,88975.67741935483
2013-03,ニュー速VIP,289698.29032258067
2013-03,番組ch(NHK),44600.93548387097
2013-03,番組ch(TBS),37079.16129032258
2013-03,番組ch(フジ),33601.967741935485
2013-03,番組ch(朝日),47643.22580645161
2013-03,芸スポ速報+,41824.06451612903
2013-04,BS実況(無料),13805.366666666667
2013-04,ニュース速報,27690.266666666666
2013-04,ニュース速報+,80338.86666666667
2013-04,ニュー速VIP,219743.16666666666
2013-04,番組ch(NHK),40419.933333333334
2013-04,番組ch(TBS),24321.766666666666
2013-04,番組ch(フジ),32876.86666666667
2013-04,番組ch(朝日),29491.433333333334
2013-04,芸スポ速報+,31649.933333333334
2013-05,BS実況(無料),10708.774193548386
2013-05,ニュース速報,19985.322580645163
2013-05,ニュース速報+,78193.45161290323
2013-05,ニュー速VIP,135171.70967741936
2013-05,番組ch(NHK),30541.83870967742
2013-05,番組ch(TBS),17587.451612903227
2013-05,番組ch(フジ),22608.322580645163
2013-05,番組ch(朝日),22571.032258064515
2013-05,芸スポ速報+,30099.129032258064
2013-06,BS実況(無料),12824.033333333333
2013-06,ニュース速報,26252.7
2013-06,ニュース速報+,72026.76666666666
2013-06,ニュー速VIP,195375.66666666666
2013-06,番組ch(NHK),38207.26666666667
2013-06,番組ch(TBS),24152.233333333334
2013-06,番組ch(フジ),34484.46666666667
2013-06,番組ch(朝日),31824.4
2013-06,芸スポ速報+,40728.63333333333
2013-07,BS実況(無料),12405.0
2013-07,ニュース速報,28081.612903225807
2013-07,ニュース速報+,70372.90322580645
2013-07,ニュー速VIP,173611.32258064515
2013-07,番組ch(NHK),38875.3870967742
2013-07,番組ch(TBS),21649.387096774193
2013-07,番組ch(フジ),30913.645161290322
2013-07,番組ch(朝日),26225.225806451614
2013-07,芸スポ速報+,31067.774193548386
2013-08,BS実況(無料),11934.032258064517
2013-08,ニュース速報,34405.32258064516
2013-08,ニュース速報+,59775.25806451613
2013-08,ニュー速VIP,236247.93548387097
2013-08,番組ch(NHK),44789.93548387097
2013-08,番組ch(TBS),28937.516129032258
2013-08,番組ch(フジ),32108.935483870966
2013-08,番組ch(朝日),28769.774193548386
2013-08,芸スポ速報+,30253.612903225807
2013-09,BS実況(無料),14557.733333333334
2013-09,ニュース速報,53341.03333333333
2013-09,ニュース速報+,82864.06896551725
2013-09,ニュー速VIP,389798.36666666664
2013-09,番組ch(NHK),57139.23333333333
2013-09,番組ch(TBS),37532.73333333333
2013-09,番組ch(フジ),37435.666666666664
2013-09,番組ch(朝日),41027.566666666666
2013-09,芸スポ速報+,43198.933333333334
2013-10,BS実況(無料),14836.677419354839
2013-10,ニュース速報,50575.54838709677
2013-10,ニュース速報+,89906.2258064516
2013-10,ニュー速VIP,378537.4516129032
2013-10,番組ch(NHK),47529.032258064515
2013-10,番組ch(TBS),34550.87096774193
2013-10,番組ch(フジ),44597.645161290326
2013-10,番組ch(朝日),37535.51612903226
2013-10,芸スポ速報+,43077.2
2013-11,BS実況(無料),14652.766666666666
2013-11,ニュース速報,49198.1
2013-11,ニュース速報+,92283.33333333333
2013-11,ニュー速VIP,354397.26666666666
2013-11,番組ch(NHK),46700.1
2013-11,番組ch(TBS),30468.466666666667
2013-11,番組ch(フジ),39919.333333333336
2013-11,番組ch(朝日),42247.76666666667
2013-11,芸スポ速報+,38561.26666666667
2013-12,BS実況(無料),13269.645161290322
2013-12,ニュース速報,25381.322580645163
2013-12,ニュース速報+,88135.48387096774
2013-12,ニュー速VIP,241868.1935483871
2013-12,番組ch(NHK),46879.6129032258
2013-12,番組ch(TBS),26976.74193548387
2013-12,番組ch(フジ),36225.967741935485
2013-12,番組ch(朝日),33762.45161290323
2013-12,芸スポ速報+,28973.0
2014-01,BS実況(無料),15538.290322580646
2014-01,ニュース速報,30583.548387096773
2014-01,ニュース速報+,92316.0
2014-01,ニュー速VIP,265548.77419354836
2014-01,番組ch(NHK),46515.645161290326
2014-01,番組ch(TBS),26755.322580645163
2014-01,番組ch(フジ),34387.87096774193
2014-01,番組ch(朝日),41255.93548387097
2014-01,芸スポ速報+,32261.0
2014-02,BS実況(無料),15203.107142857143
2014-02,ニュース速報,37221.92857142857
2014-02,ニュース速報+,92113.57142857143
2014-02,ニュー速VIP,283428.4285714286
2014-02,番組ch(NHK),75812.78571428571
2014-02,番組ch(TBS),26775.821428571428
2014-02,番組ch(フジ),33394.17857142857
2014-02,番組ch(朝日),36274.107142857145
2014-02,芸スポ速報+,39249.46428571428
2014-03,BS実況(無料),15535.032258064517
2014-03,ニュース速報,33622.74193548387
2014-03,ニュース速報+,84568.96774193548
2014-03,ニュー速VIP,304056.8387096774
2014-03,番組ch(NHK),46880.096774193546
2014-03,番組ch(TBS),26519.774193548386
2014-03,番組ch(フジ),45455.45161290323
2014-03,番組ch(朝日),37143.32258064516
2014-03,芸スポ速報+,30910.032258064515
2014-04,BS実況(無料),16636.766666666666
2014-04,ニュース速報,25002.866666666665
2014-04,ニュース速報+,76954.86666666667
2014-04,ニュー速VIP,247099.5
2014-04,番組ch(NHK),47132.76666666667
2014-04,番組ch(TBS),27417.433333333334
2014-04,番組ch(フジ),37686.666666666664
2014-04,番組ch(朝日),35526.566666666666
2014-04,芸スポ速報+,29623.566666666666
2014-05,BS実況(無料),16512.34375
2014-05,ニュース速報,28783.40625
2014-05,ニュース速報+,81962.40625
2014-05,ニュー速VIP,256420.65625
2014-05,番組ch(NHK),47204.0
2014-05,番組ch(TBS),26044.78125
2014-05,番組ch(フジ),32420.6875
2014-05,番組ch(朝日),37967.625
2014-05,芸スポ速報+,40465.0
2014-06,BS実況(無料),17454.866666666665
2014-06,ニュース速報,30102.666666666668
2014-06,ニュース速報+,86409.93333333333
2014-06,ニュー速VIP,257545.26666666666
2014-06,番組ch(NHK),66755.16666666667
2014-06,番組ch(TBS),30182.2
2014-06,番組ch(フジ),40292.86666666667
2014-06,番組ch(朝日),40827.833333333336
2014-06,芸スポ速報+,60786.833333333336
2014-07,BS実況(無料),16558.064516129034
2014-07,ニュース速報,32164.59259259259
2014-07,ニュース速報+,94615.58064516129
2014-07,ニュー速VIP,258823.4814814815
2014-07,番組ch(NHK),53586.53571428572
2014-07,番組ch(TBS),31402.37037037037
2014-07,番組ch(フジ),38274.607142857145
2014-07,番組ch(朝日),31660.58620689655
2014-07,芸スポ速報+,50677.77777777778
2014-08,BS実況(無料),16843.0
2014-08,ニュース速報,22642.814814814814
2014-08,ニュース速報+,97942.7741935484
2014-08,ニュー速VIP,186043.4
2014-08,番組ch(NHK),38942.96296296296
2014-08,番組ch(TBS),20053.037037037036
2014-08,番組ch(フジ),24924.714285714286
2014-08,番組ch(朝日),24026.25
2014-08,芸スポ速報+,40186.708333333336
2014-09,BS実況(無料),16887.0
2014-09,ニュース速報,31858.633333333335
2014-09,ニュース速報+,94164.46666666666
2014-09,ニュー速VIP,246851.33333333334
2014-09,番組ch(NHK),52567.0
2014-09,番組ch(TBS),30511.633333333335
2014-09,番組ch(フジ),35312.73333333333
2014-09,番組ch(朝日),39673.76666666667
2014-09,芸スポ速報+,52378.76666666667
2014-10,BS実況(無料),16849.612903225807
2014-10,ニュース速報,29076.83870967742
2014-10,ニュース速報+,96651.0
2014-10,ニュー速VIP,234660.29032258064
2014-10,番組ch(NHK),48927.48387096774
2014-10,番組ch(TBS),34099.25806451613
2014-10,番組ch(フジ),38837.16129032258
2014-10,番組ch(朝日),35510.16129032258
2014-10,芸スポ速報+,51311.032258064515
2014-11,BS実況(無料),18679.133333333335
2014-11,ニュース速報,26161.1
2014-11,ニュース速報+,88825.26666666666
2014-11,ニュー速VIP,236830.13333333333
2014-11,番組ch(NHK),51417.566666666666
2014-11,番組ch(TBS),27488.933333333334
2014-11,番組ch(フジ),37613.2
2014-11,番組ch(朝日),40325.23333333333
2014-11,芸スポ速報+,48182.066666666666
2014-12,BS実況(無料),15921.75
2014-12,ニュース速報,25729.666666666668
2014-12,ニュース速報+,83936.64516129032
2014-12,ニュー速VIP,193292.66666666666
2014-12,番組ch(NHK),45922.0
2014-12,番組ch(TBS),23531.722222222223
2014-12,番組ch(フジ),40722.77777777778
2014-12,番組ch(朝日),35156.444444444445
2014-12,芸スポ速報+,42426.22222222222
2015-01,BS実況(無料),17850.52380952381
2015-01,ニュース速報,26864.90322580645
2015-01,ニュース速報+,90567.32258064517
2015-01,ニュー速VIP,207576.26666666666
2015-01,番組ch(NHK),47182.32258064516
2015-01,番組ch(TBS),25921.09677419355
2015-01,番組ch(フジ),31647.41935483871
2015-01,番組ch(朝日),36557.8064516129
2015-01,芸スポ速報+,42768.58064516129
2015-02,BS実況(無料),19762.071428571428
2015-02,ニュース速報,30915.821428571428
2015-02,ニュース速報+,100448.25
2015-02,ニュー速VIP,245350.14285714287
2015-02,番組ch(NHK),49072.46428571428
2015-02,番組ch(TBS),27772.428571428572
2015-02,番組ch(フジ),35289.75
2015-02,番組ch(朝日),40485.892857142855
2015-02,芸スポ速報+,47198.96428571428
2015-03,BS実況(無料),18070.53125
2015-03,ニュース速報,25487.71875
2015-03,ニュース速報+,79770.28125
2015-03,ニュー速VIP,208542.625
2015-03,番組ch(NHK),46982.75
2015-03,番組ch(TBS),26732.84375
2015-03,番組ch(フジ),34553.90625
2015-03,番組ch(朝日),34807.125
2015-03,芸スポ速報+,40695.8125
2015-04,BS実況(無料),20811.633333333335
2015-04,ニュース速報,25854.5
2015-04,ニュース速報+,73511.5
2015-04,ニュー速VIP,187418.4
2015-04,番組ch(NHK),44229.933333333334
2015-04,番組ch(TBS),29749.733333333334
2015-04,番組ch(フジ),35283.433333333334
2015-04,番組ch(朝日),33844.433333333334
2015-04,芸スポ速報+,47932.13333333333
2015-05,BS実況(無料),19884.8064516129
2015-05,ニュース速報,28919.645161290322
2015-05,ニュース速報+,81098.64516129032
2015-05,ニュー速VIP,211548.5806451613
2015-05,番組ch(NHK),51259.77419354839
2015-05,番組ch(TBS),27842.41935483871
2015-05,番組ch(フジ),33267.87096774193
2015-05,番組ch(朝日),33698.0
2015-05,芸スポ速報+,45258.967741935485
2015-06,BS実況(無料),20925.7
2015-06,ニュース速報,30166.766666666666
2015-06,ニュース速報+,84626.9
2015-06,ニュー速VIP,206475.43333333332
2015-06,番組ch(NHK),47344.26666666667
2015-06,番組ch(TBS),29647.9
2015-06,番組ch(フジ),37697.96666666667
2015-06,番組ch(朝日),35561.433333333334
2015-06,芸スポ速報+,48513.23333333333
2015-07,BS実況(無料),21954.387096774193
2015-07,ニュース速報,33079.06451612903
2015-07,ニュース速報+,103110.90322580645
2015-07,ニュー速VIP,216816.7741935484
2015-07,番組ch(NHK),50441.032258064515
2015-07,番組ch(TBS),28252.064516129034
2015-07,番組ch(フジ),44848.645161290326
2015-07,番組ch(朝日),34343.032258064515
2015-07,芸スポ速報+,46068.22580645161
2015-08,BS実況(無料),21524.41935483871
2015-08,ニュース速報,36201.12903225807
2015-08,ニュース速報+,114589.6129032258
2015-08,ニュー速VIP,236493.5483870968
2015-08,番組ch(NHK),61619.77419354839
2015-08,番組ch(TBS),34129.645161290326
2015-08,番組ch(フジ),35848.93548387097
2015-08,番組ch(朝日),35497.32258064516
2015-08,芸スポ速報+,48701.3870967742
2015-09,BS実況(無料),21592.766666666666
2015-09,ニュース速報,37637.63333333333
2015-09,ニュース速報+,115319.9
2015-09,ニュー速VIP,219530.1
2015-09,番組ch(NHK),57953.46666666667
2015-09,番組ch(TBS),28840.866666666665
2015-09,番組ch(フジ),36117.46666666667
2015-09,番組ch(朝日),41604.3
2015-09,芸スポ速報+,50438.63333333333
2015-10,BS実況(無料),21884.064516129034
2015-10,ニュース速報,32325.516129032258
2015-10,ニュース速報+,85245.2258064516
2015-10,ニュー速VIP,206217.25806451612
2015-10,番組ch(NHK),46125.22580645161
2015-10,番組ch(TBS),31389.90322580645
2015-10,番組ch(フジ),34243.83870967742
2015-10,番組ch(朝日),33355.3870967742
2015-10,芸スポ速報+,48936.290322580644
2015-11,BS実況(無料),21902.7
2015-11,ニュース速報,33010.76666666667
2015-11,ニュース速報+,92381.96666666666
2015-11,ニュー速VIP,209040.26666666666
2015-11,番組ch(NHK),50190.3
2015-11,番組ch(TBS),32977.5
2015-11,番組ch(フジ),34166.066666666666
2015-11,番組ch(朝日),37136.96666666667
2015-11,芸スポ速報+,55111.86666666667
2015-12,BS実況(無料),20610.129032258064
2015-12,ニュース速報,31482.0
2015-12,ニュース速報+,86714.41935483871
2015-12,ニュー速VIP,188731.35483870967
2015-12,番組ch(NHK),51563.74193548387
2015-12,番組ch(TBS),32338.451612903227
2015-12,番組ch(フジ),37917.48387096774
2015-12,番組ch(朝日),36338.6129032258
2015-12,芸スポ速報+,50952.06451612903
2016-01,BS実況(無料),21752.322580645163
2016-01,ニュース速報,34456.3870967742
2016-01,ニュース速報+,91111.74193548386
2016-01,ニュー速VIP,194047.0
2016-01,番組ch(NHK),55768.290322580644
2016-01,番組ch(TBS),30948.870967741936
2016-01,番組ch(フジ),38442.032258064515
2016-01,番組ch(朝日),43480.096774193546
2016-01,芸スポ速報+,89153.32258064517
2016-02,BS実況(無料),22056.931034482757
2016-02,ニュース速報,34341.724137931036
2016-02,ニュース速報+,96972.37931034483
2016-02,ニュー速VIP,193254.62068965516
2016-02,番組ch(NHK),52517.379310344826
2016-02,番組ch(TBS),28302.172413793105
2016-02,番組ch(フジ),36833.206896551725
2016-02,番組ch(朝日),38717.51724137931
2016-02,芸スポ速報+,72094.41379310345
2016-03,BS実況(無料),20133.225806451614
2016-03,ニュース速報,35807.12903225807
2016-03,ニュース速報+,101641.06451612903
2016-03,ニュー速VIP,196730.61290322582
2016-03,番組ch(NHK),57536.77419354839
2016-03,番組ch(TBS),29018.09677419355
2016-03,番組ch(フジ),40811.83870967742
2016-03,番組ch(朝日),40403.903225806454
2016-03,芸スポ速報+,71071.87096774194
2016-04,BS実況(無料),23295.366666666665
2016-04,ニュース速報,40069.03333333333
2016-04,ニュース速報+,120349.8
2016-04,ニュー速VIP,192420.66666666666
2016-04,番組ch(NHK),63415.166666666664
2016-04,番組ch(TBS),32243.966666666667
2016-04,番組ch(フジ),39849.4
2016-04,番組ch(朝日),37041.76666666667
2016-04,芸スポ速報+,66431.03333333334
2016-05,BS実況(無料),23649.1935483871
2016-05,ニュース速報,40295.3870967742
2016-05,ニュース速報+,111812.06451612903
2016-05,ニュー速VIP,204396.61290322582
2016-05,番組ch(NHK),57276.25806451613
2016-05,番組ch(TBS),32968.645161290326
2016-05,番組ch(フジ),41110.709677419356
2016-05,番組ch(朝日),36892.93548387097
2016-05,芸スポ速報+,65090.096774193546
2016-06,BS実況(無料),21083.8
2016-06,ニュース速報,40387.2
2016-06,ニュース速報+,116128.2
2016-06,ニュー速VIP,191642.7
2016-06,番組ch(NHK),54037.8
2016-06,番組ch(TBS),31146.6
2016-06,番組ch(フジ),37481.2
2016-06,番組ch(朝日),40331.9
2016-06,芸スポ速報+,62269.73333333333
2016-07,BS実況(無料),25061.032258064515
2016-07,ニュース速報,44797.3870967742
2016-07,ニュース速報+,136788.0
2016-07,ニュー速VIP,181821.90322580645
2016-07,番組ch(NHK),56322.83870967742
2016-07,番組ch(TBS),31640.612903225807
2016-07,番組ch(フジ),41813.645161290326
2016-07,番組ch(朝日),36804.6129032258
2016-07,芸スポ速報+,59848.12903225807
2016-08,BS実況(無料),20186.322580645163
2016-08,ニュース速報,44603.0
2016-08,ニュース速報+,106641.8
2016-08,ニュー速VIP,158842.43333333332
2016-08,番組ch(NHK),95402.35483870968
2016-08,番組ch(TBS),31194.709677419356
2016-08,番組ch(フジ),36236.74193548387
2016-08,番組ch(朝日),38617.54838709677
2016-08,芸スポ速報+,91367.1
2016-09,BS実況(無料),22417.633333333335
2016-09,ニュース速報,41456.73333333333
2016-09,ニュース速報+,103061.93333333333
2016-09,ニュー速VIP,156126.4
2016-09,番組ch(NHK),53583.86666666667
2016-09,番組ch(TBS),28867.2
2016-09,番組ch(フジ),34829.333333333336
2016-09,番組ch(朝日),42419.76666666667
2016-09,芸スポ速報+,77797.16666666667
2016-10,BS実況(無料),22464.935483870966
2016-10,ニュース速報,38387.87096774193
2016-10,ニュース速報+,104938.70967741935
2016-10,ニュー速VIP,156186.09677419355
2016-10,番組ch(NHK),48670.16129032258
2016-10,番組ch(TBS),37838.25806451613
2016-10,番組ch(フジ),35986.903225806454
2016-10,番組ch(朝日),40693.1935483871
2016-10,芸スポ速報+,72201.6129032258
2016-11,BS実況(無料),21333.933333333334
2016-11,ニュース速報,36686.7
2016-11,ニュース速報+,105434.66666666667
2016-11,ニュー速VIP,146756.26666666666
2016-11,番組ch(NHK),54138.36666666667
2016-11,番組ch(TBS),31997.6
2016-11,番組ch(フジ),33423.2
2016-11,番組ch(朝日),39797.433333333334
2016-11,芸スポ速報+,65830.23333333334
2016-12,BS実況(無料),21010.322580645163
2016-12,ニュース速報,35550.87096774193
2016-12,ニュース速報+,99636.70967741935
2016-12,ニュー速VIP,153507.48387096773
2016-12,番組ch(NHK),57054.354838709674
2016-12,番組ch(TBS),36568.93548387097
2016-12,番組ch(フジ),43565.1935483871
2016-12,番組ch(朝日),43040.12903225807
2016-12,芸スポ速報+,74364.12903225806
2017-01,BS実況(無料),23172.548387096773
2017-01,ニュース速報,36151.6129032258
2017-01,ニュース速報+,110101.87096774194
2017-01,ニュー速VIP,162821.12903225806
2017-01,番組ch(NHK),55256.93548387097
2017-01,番組ch(TBS),34959.12903225807
2017-01,番組ch(フジ),36036.54838709677
2017-01,番組ch(朝日),44308.3870967742
2017-01,芸スポ速報+,68471.80645161291
2017-02,BS実況(無料),24194.214285714286
2017-02,ニュース速報,37164.96428571428
2017-02,ニュース速報+,116756.46428571429
2017-02,ニュー速VIP,160301.2857142857
2017-02,番組ch(NHK),49145.57142857143
2017-02,番組ch(TBS),32166.678571428572
2017-02,番組ch(フジ),35206.46428571428
2017-02,番組ch(朝日),41213.78571428572
2017-02,芸スポ速報+,69826.07142857143
2017-03,BS実況(無料),21664.548387096773
2017-03,ニュース速報,38122.77419354839
2017-03,ニュース速報+,132521.67741935485
2017-03,ニュー速VIP,160644.35483870967
2017-03,番組ch(NHK),52857.1935483871
2017-03,番組ch(TBS),37112.48387096774
2017-03,番組ch(フジ),36455.58064516129
2017-03,番組ch(朝日),48358.77419354839
2017-03,芸スポ速報+,59812.16129032258
2017-04,BS実況(無料),22345.266666666666
2017-04,ニュース速報,37730.96666666667
2017-04,ニュース速報+,104508.66666666667
2017-04,ニュー速VIP,146574.43333333332
2017-04,番組ch(NHK),48282.833333333336
2017-04,番組ch(TBS),31558.7
2017-04,番組ch(フジ),36314.03333333333
2017-04,番組ch(朝日),38551.5
2017-04,芸スポ速報+,54892.166666666664
2017-05,BS実況(無料),20916.8064516129
2017-05,ニュース速報,35665.48387096774
2017-05,ニュース速報+,103516.06451612903
2017-05,ニュー速VIP,157963.35483870967
2017-05,番組ch(NHK),48464.32258064516
2017-05,番組ch(TBS),30782.225806451614
2017-05,番組ch(フジ),33396.74193548387
2017-05,番組ch(朝日),36485.74193548387
2017-05,芸スポ速報+,58044.74193548387
2017-06,BS実況(無料),20669.1
2017-06,ニュース速報,36463.2
2017-06,ニュース速報+,98574.7
2017-06,ニュー速VIP,142087.53333333333
2017-06,番組ch(NHK),47638.0
2017-06,番組ch(TBS),30724.6
2017-06,番組ch(フジ),37747.86666666667
2017-06,番組ch(朝日),38125.833333333336
2017-06,芸スポ速報+,68085.16666666667
2017-07,BS実況(無料),24512.774193548386
2017-07,ニュース速報,36414.096774193546
2017-07,ニュース速報+,107910.70967741935
2017-07,ニュー速VIP,143107.83870967742
2017-07,番組ch(NHK),53115.096774193546
2017-07,番組ch(TBS),33246.87096774193
2017-07,番組ch(フジ),38057.6129032258
2017-07,番組ch(朝日),34325.25806451613
2017-07,芸スポ速報+,65665.48387096774
2017-08,BS実況(無料),22807.0
2017-08,ニュース速報,33216.096774193546
2017-08,ニュース速報+,97346.0
2017-08,ニュー速VIP,142898.16129032258
2017-08,番組ch(NHK),57233.354838709674
2017-08,番組ch(TBS),31867.451612903227
2017-08,番組ch(フジ),35154.709677419356
2017-08,番組ch(朝日),32350.25806451613
2017-08,芸スポ速報+,66638.93548387097
2017-09,BS実況(無料),24073.0
2017-09,ニュース速報,36171.86666666667
2017-09,ニュース速報+,109108.16666666667
2017-09,ニュー速VIP,142485.23333333334
2017-09,番組ch(NHK),51326.8
2017-09,番組ch(TBS),27236.166666666668
2017-09,番組ch(フジ),36513.63333333333
2017-09,番組ch(朝日),37388.4
2017-09,芸スポ速報+,68398.1
2017-10,BS実況(無料),25578.09677419355
2017-10,ニュース速報,35939.45161290323
2017-10,ニュース速報+,107334.96774193548
2017-10,ニュー速VIP,147118.70967741936
2017-10,番組ch(NHK),45538.45161290323
2017-10,番組ch(TBS),36714.3870967742
2017-10,番組ch(フジ),37409.48387096774
2017-10,番組ch(朝日),40410.12903225807
2017-10,芸スポ速報+,57402.12903225807
2017-11,BS実況(無料),24316.833333333332
2017-11,ニュース速報,36951.933333333334
2017-11,ニュース速報+,99686.03333333334
2017-11,ニュー速VIP,151092.56666666668
2017-11,番組ch(NHK),49279.0
2017-11,番組ch(TBS),28754.033333333333
2017-11,番組ch(フジ),34866.4
2017-11,番組ch(朝日),40469.26666666667
2017-11,芸スポ速報+,68360.23333333334
2017-12,BS実況(無料),24673.645161290322
2017-12,ニュース速報,33161.0
2017-12,ニュース速報+,93215.6129032258
2017-12,ニュー速VIP,144663.4193548387
2017-12,番組ch(NHK),51024.06451612903
2017-12,番組ch(TBS),32705.548387096773
2017-12,番組ch(フジ),41086.354838709674
2017-12,番組ch(朝日),38583.67741935484
2017-12,芸スポ速報+,61764.354838709674
2018-01,BS実況(無料),26026.8064516129
2018-01,ニュース速報,34475.3870967742
2018-01,ニュース速報+,101297.3870967742
2018-01,ニュー速VIP,140395.51612903227
2018-01,番組ch(NHK),51775.8064516129
2018-01,番組ch(TBS),31639.516129032258
2018-01,番組ch(フジ),33791.87096774193
2018-01,番組ch(朝日),42264.58064516129
2018-01,芸スポ速報+,65526.51612903226
2018-02,BS実況(無料),23195.428571428572
2018-02,ニュース速報,33866.07142857143
2018-02,ニュース速報+,106312.75
2018-02,ニュー速VIP,131233.57142857142
2018-02,番組ch(NHK),78761.75
2018-02,番組ch(TBS),29295.071428571428
2018-02,番組ch(フジ),32783.71428571428
2018-02,番組ch(朝日),38767.32142857143
2018-02,芸スポ速報+,74450.71428571429
2018-03,BS実況(無料),23052.9
2018-03,ニュース速報,34233.76666666667
2018-03,ニュース速報+,100952.7
2018-03,ニュー速VIP,135277.96666666667
2018-03,番組ch(NHK),47701.933333333334
2018-03,番組ch(TBS),29436.533333333333
2018-03,番組ch(フジ),36704.5
2018-03,番組ch(朝日),36566.63333333333
2018-03,芸スポ速報+,65326.23333333333
2018-04,BS実況(無料),24199.733333333334
2018-04,ニュース速報,35491.13333333333
2018-04,ニュース速報+,107835.2
2018-04,ニュー速VIP,140199.5
2018-04,番組ch(NHK),48747.666666666664
2018-04,番組ch(TBS),32480.7
2018-04,番組ch(フジ),40690.46666666667
2018-04,番組ch(朝日),36988.86666666667
2018-04,芸スポ速報+,77802.63333333333
2018-05,BS実況(無料),22189.032258064515
2018-05,ニュース速報,37651.77419354839
2018-05,ニュース速報+,109727.29032258065
2018-05,ニュー速VIP,144526.2258064516
2018-05,番組ch(NHK),50150.77419354839
2018-05,番組ch(TBS),29987.290322580644
2018-05,番組ch(フジ),38565.93548387097
2018-05,番組ch(朝日),38759.032258064515
2018-05,芸スポ速報+,84014.06451612903
2018-06,BS実況(無料),19483.5
2018-06,ニュース速報,40512.5
2018-06,ニュース速報+,107679.66666666667
2018-06,ニュー速VIP,145366.23333333334
2018-06,番組ch(NHK),66954.33333333333
2018-06,番組ch(TBS),29370.466666666667
2018-06,番組ch(フジ),39388.36666666667
2018-06,番組ch(朝日),35031.76666666667
2018-06,芸スポ速報+,94124.7
2018-07,BS実況(無料),23113.1935483871
2018-07,ニュース速報,42823.032258064515
2018-07,ニュース速報+,114044.2258064516
2018-07,ニュー速VIP,151200.09677419355
2018-07,番組ch(NHK),65869.54838709677
2018-07,番組ch(TBS),37541.096774193546
2018-07,番組ch(フジ),34769.06451612903
2018-07,番組ch(朝日),37043.58064516129
2018-07,芸スポ速報+,77560.80645161291
2018-08,BS実況(無料),21045.774193548386
2018-08,ニュース速報,38743.06451612903
2018-08,ニュース速報+,109510.87096774194
2018-08,ニュー速VIP,155068.09677419355
2018-08,番組ch(NHK),63352.45161290323
2018-08,番組ch(TBS),29536.322580645163
2018-08,番組ch(フジ),33289.83870967742
2018-08,番組ch(朝日),36337.3870967742
2018-08,芸スポ速報+,69014.12903225806
2018-09,BS実況(無料),22746.233333333334
2018-09,ニュース速報,38021.26666666667
2018-09,ニュース速報+,112317.0
2018-09,ニュー速VIP,143066.76666666666
2018-09,番組ch(NHK),59110.333333333336
2018-09,番組ch(TBS),32942.23333333333
2018-09,番組ch(フジ),40261.066666666666
2018-09,番組ch(朝日),41586.566666666666
2018-09,芸スポ速報+,84240.7
2018-10,BS実況(無料),24049.09677419355
2018-10,ニュース速報,34183.1935483871
2018-10,ニュース速報+,107130.6129032258
2018-10,ニュー速VIP,130838.93548387097
2018-10,番組ch(NHK),49076.41935483871
2018-10,番組ch(TBS),32434.548387096773
2018-10,番組ch(フジ),33340.87096774193
2018-10,番組ch(朝日),37565.06451612903
2018-10,芸スポ速報+,63216.83870967742
2018-11,BS実況(無料),24914.733333333334
2018-11,ニュース速報,34314.433333333334
2018-11,ニュース速報+,119044.16666666667
2018-11,ニュー速VIP,131983.63333333333
2018-11,番組ch(NHK),50008.53333333333
2018-11,番組ch(TBS),29253.133333333335
2018-11,番組ch(フジ),35355.53333333333
2018-11,番組ch(朝日),36964.5
2018-11,芸スポ速報+,64024.86666666667
2018-12,BS実況(無料),23427.0
2018-12,ニュース速報,31732.16129032258
2018-12,ニュース速報+,107414.06451612903
2018-12,ニュー速VIP,122119.87096774194
2018-12,番組ch(NHK),52515.6129032258
2018-12,番組ch(TBS),34407.06451612903
2018-12,番組ch(フジ),38268.709677419356
2018-12,番組ch(朝日),38206.709677419356
2018-12,芸スポ速報+,61193.096774193546
2019-01,BS実況(無料),23025.1935483871
2019-01,ニュース速報,34850.87096774193
2019-01,ニュース速報+,121491.54838709677
2019-01,ニュー速VIP,124819.87096774194
2019-01,番組ch(NHK),56989.67741935484
2019-01,番組ch(TBS),31827.354838709678
2019-01,番組ch(フジ),35854.54838709677
2019-01,番組ch(朝日),44070.645161290326
2019-01,芸スポ速報+,75501.16129032258
2019-02,BS実況(無料),23610.321428571428
2019-02,ニュース速報,35147.17857142857
2019-02,ニュース速報+,129573.35714285714
2019-02,ニュー速VIP,127477.57142857143
2019-02,番組ch(NHK),51596.0
2019-02,番組ch(TBS),31679.5
2019-02,番組ch(フジ),35632.21428571428
2019-02,番組ch(朝日),39109.75
2019-02,芸スポ速報+,66963.0
2019-03,BS実況(無料),22584.483870967742
2019-03,ニュース速報,32976.83870967742
2019-03,ニュース速報+,116041.90322580645
2019-03,ニュー速VIP,127840.96774193548
2019-03,番組ch(NHK),54766.32258064516
2019-03,番組ch(TBS),29160.612903225807
2019-03,番組ch(フジ),35669.45161290323
2019-03,番組ch(朝日),37356.032258064515
2019-03,芸スポ速報+,68701.6129032258
2019-04,BS実況(無料),21838.333333333332
2019-04,ニュース速報,32772.933333333334
2019-04,ニュース速報+,120355.06666666667
2019-04,ニュー速VIP,124818.06666666667
2019-04,番組ch(NHK),57017.666666666664
2019-04,番組ch(TBS),29697.5
2019-04,番組ch(フジ),34278.53333333333
2019-04,番組ch(朝日),37145.96666666667
2019-04,芸スポ速報+,67493.3
2019-05,BS実況(無料),21055.41935483871
2019-05,ニュース速報,37866.0
2019-05,ニュース速報+,132842.93548387097
2019-05,ニュー速VIP,135880.4516129032
2019-05,番組ch(NHK),55610.83870967742
2019-05,番組ch(TBS),29500.354838709678
2019-05,番組ch(フジ),36361.12903225807
2019-05,番組ch(朝日),40209.41935483871
2019-05,芸スポ速報+,68587.87096774194
2019-06,BS実況(無料),20335.566666666666
2019-06,ニュース速報,37644.53333333333
2019-06,ニュース速報+,136552.3
2019-06,ニュー速VIP,133980.56666666668
2019-06,番組ch(NHK),51968.86666666667
2019-06,番組ch(TBS),31239.233333333334
2019-06,番組ch(フジ),39556.53333333333
2019-06,番組ch(朝日),37886.96666666667
2019-06,芸スポ速報+,84839.33333333333
2019-07,BS実況(無料),23628.870967741936
2019-07,ニュース速報,50047.06451612903
2019-07,ニュース速報+,144866.5806451613
2019-07,ニュー速VIP,129556.58064516129
2019-07,番組ch(NHK),57978.32258064516
2019-07,番組ch(TBS),36106.1935483871
2019-07,番組ch(フジ),41260.32258064516
2019-07,番組ch(朝日),37259.45161290323
2019-07,芸スポ速報+,93983.54838709677
2019-08,BS実況(無料),22168.548387096773
2019-08,ニュース速報,53703.87096774193
2019-08,ニュース速報+,139832.06451612903
2019-08,ニュー速VIP,136425.5806451613
2019-08,番組ch(NHK),63229.16129032258
2019-08,番組ch(TBS),32311.83870967742
2019-08,番組ch(フジ),35249.54838709677
2019-08,番組ch(朝日),37937.25806451613
2019-08,芸スポ速報+,68072.41935483871
2019-09,BS実況(無料),21303.933333333334
2019-09,ニュース速報,41076.76666666667
2019-09,ニュース速報+,133808.93333333332
2019-09,ニュー速VIP,117608.5
2019-09,番組ch(NHK),54456.2
2019-09,番組ch(TBS),33300.066666666666
2019-09,番組ch(フジ),37728.066666666666
2019-09,番組ch(朝日),35316.2
2019-09,芸スポ速報+,66894.36666666667
2019-10,BS実況(無料),23469.90322580645
2019-10,ニュース速報,40897.51612903226
2019-10,ニュース速報+,145208.09677419355
2019-10,ニュー速VIP,112523.03225806452
2019-10,番組ch(NHK),57383.8064516129
2019-10,番組ch(TBS),32948.645161290326
2019-10,番組ch(フジ),35216.1935483871
2019-10,番組ch(朝日),37053.83870967742
2019-10,芸スポ速報+,73694.25806451614
2019-11,BS実況(無料),23870.3
2019-11,ニュース速報,39796.46666666667
2019-11,ニュース速報+,126220.53333333334
2019-11,ニュー速VIP,110317.03333333334
2019-11,番組ch(NHK),47931.76666666667
2019-11,番組ch(TBS),30046.533333333333
2019-11,番組ch(フジ),40404.76666666667
2019-11,番組ch(朝日),34889.433333333334
2019-11,芸スポ速報+,73200.26666666666
2019-12,BS実況(無料),22198.16129032258
2019-12,ニュース速報,33935.16129032258
2019-12,ニュース速報+,122771.7741935484
2019-12,ニュー速VIP,109953.06451612903
2019-12,番組ch(NHK),51687.3870967742
2019-12,番組ch(TBS),33075.032258064515
2019-12,番組ch(フジ),38885.032258064515
2019-12,番組ch(朝日),37481.0
2019-12,芸スポ速報+,60663.48387096774
2020-01,BS実況(無料),24337.290322580644
2020-01,ニュース速報,37223.3870967742
2020-01,ニュース速報+,144845.5483870968
2020-01,ニュー速VIP,114819.41935483871
2020-01,番組ch(NHK),52113.1935483871
2020-01,番組ch(TBS),31717.645161290322
2020-01,番組ch(フジ),34030.967741935485
2020-01,番組ch(朝日),41272.16129032258
2020-01,芸スポ速報+,71771.0
2020-02,BS実況(無料),23780.655172413793
2020-02,ニュース速報,43320.65517241379
2020-02,ニュース速報+,230823.93103448275
2020-02,ニュー速VIP,113836.96551724138
2020-02,番組ch(NHK),54930.34482758621
2020-02,番組ch(TBS),37630.58620689655
2020-02,番組ch(フジ),35803.68965517241
2020-02,番組ch(朝日),44729.0
2020-02,芸スポ速報+,63407.48275862069
2020-03,BS実況(無料),24400.354838709678
2020-03,ニュース速報,52097.3870967742
2020-03,ニュース速報+,260021.16129032258
2020-03,ニュー速VIP,113777.0
2020-03,番組ch(NHK),62578.12903225807
2020-03,番組ch(TBS),39488.16129032258
2020-03,番組ch(フジ),38568.54838709677
2020-03,番組ch(朝日),48294.58064516129
2020-03,芸スポ速報+,69925.03225806452
2020-04,BS実況(無料),23692.233333333334
2020-04,ニュース速報,59377.36666666667
2020-04,ニュース速報+,279226.5
2020-04,ニュー速VIP,126604.36666666667
2020-04,番組ch(NHK),65065.53333333333
2020-04,番組ch(TBS),43920.4
2020-04,番組ch(フジ),41668.63333333333
2020-04,番組ch(朝日),50415.433333333334
2020-04,芸スポ速報+,80014.56666666667
2020-05,BS実況(無料),22360.1935483871
2020-05,ニュース速報,51774.74193548387
2020-05,ニュース速報+,187566.09677419355
2020-05,ニュー速VIP,133582.87096774194
2020-05,番組ch(NHK),60399.1935483871
2020-05,番組ch(TBS),37296.096774193546
2020-05,番組ch(フジ),35036.41935483871
2020-05,番組ch(朝日),41083.06451612903
2020-05,芸スポ速報+,71745.29032258065
2020-06,BS実況(無料),21148.333333333332
2020-06,ニュース速報,42189.833333333336
2020-06,ニュース速報+,135807.9
2020-06,ニュー速VIP,117508.9
2020-06,番組ch(NHK),49727.03333333333
2020-06,番組ch(TBS),30899.0
2020-06,番組ch(フジ),33638.13333333333
2020-06,番組ch(朝日),35396.6
2020-06,芸スポ速報+,61003.066666666666
2020-07,BS実況(無料),21462.90322580645
2020-07,ニュース速報,46786.096774193546
2020-07,ニュース速報+,130846.83870967742
2020-07,ニュー速VIP,121348.06451612903
2020-07,番組ch(NHK),50041.25806451613
2020-07,番組ch(TBS),36381.51612903226
2020-07,番組ch(フジ),34404.16129032258
2020-07,番組ch(朝日),39004.32258064516
2020-07,芸スポ速報+,60088.25806451613
2020-08,BS実況(無料),22754.129032258064
2020-08,ニュース速報,48132.645161290326
2020-08,ニュース速報+,128175.6129032258
2020-08,ニュー速VIP,133769.48387096773
2020-08,番組ch(NHK),52339.032258064515
2020-08,番組ch(TBS),37247.096774193546
2020-08,番組ch(フジ),33100.32258064516
2020-08,番組ch(朝日),37840.06451612903
2020-08,芸スポ速報+,54943.87096774193
2020-09,BS実況(無料),20983.9
2020-09,ニュース速報,44695.73333333333
2020-09,ニュース速報+,129482.23333333334
2020-09,ニュー速VIP,122367.06666666667
2020-09,番組ch(NHK),47760.53333333333
2020-09,番組ch(TBS),35850.9
2020-09,番組ch(フジ),30682.6
2020-09,番組ch(朝日),35559.166666666664
2020-09,芸スポ速報+,56326.86666666667
2020-10,BS実況(無料),23459.935483870966
2020-10,ニュース速報,42171.6129032258
2020-10,ニュース速報+,121293.32258064517
2020-10,ニュー速VIP,115278.16129032258
2020-10,番組ch(NHK),43575.096774193546
2020-10,番組ch(TBS),34160.06451612903
2020-10,番組ch(フジ),30581.516129032258
2020-10,番組ch(朝日),35512.3870967742
2020-10,芸スポ速報+,51702.58064516129
2020-11,BS実況(無料),21726.066666666666
2020-11,ニュース速報,43324.666666666664
2020-11,ニュース速報+,150497.86666666667
2020-11,ニュー速VIP,116178.66666666667
2020-11,番組ch(NHK),48030.833333333336
2020-11,番組ch(TBS),30335.733333333334
2020-11,番組ch(フジ),28932.8
2020-11,番組ch(朝日),34947.933333333334
2020-11,芸スポ速報+,50200.73333333333
2020-12,BS実況(無料),22152.90322580645
2020-12,ニュース速報,40948.16129032258
2020-12,ニュース速報+,149869.5806451613
2020-12,ニュー速VIP,114610.35483870968
2020-12,番組ch(NHK),52175.709677419356
2020-12,番組ch(TBS),34879.032258064515
2020-12,番組ch(フジ),33992.12903225807
2020-12,番組ch(朝日),38045.903225806454
2020-12,芸スポ速報+,43471.1935483871
2021-01,BS実況(無料),25648.064516129034
2021-01,ニュース速報,41322.032258064515
2021-01,ニュース速報+,170506.38709677418
2021-01,ニュー速VIP,120889.54838709677
2021-01,番組ch(NHK),51297.709677419356
2021-01,番組ch(TBS),37587.8064516129
2021-01,番組ch(フジ),31880.1935483871
2021-01,番組ch(朝日),40631.77419354839
2021-01,芸スポ速報+,53319.967741935485
2021-02,BS実況(無料),24734.178571428572
2021-02,ニュース速報,36566.82142857143
2021-02,ニュース速報+,131878.0357142857
2021-02,ニュー速VIP,114364.25
2021-02,番組ch(NHK),47287.357142857145
2021-02,番組ch(TBS),32842.107142857145
2021-02,番組ch(フジ),26411.64285714286
2021-02,番組ch(朝日),34799.0
2021-02,芸スポ速報+,53492.57142857143
2021-03,BS実況(無料),23459.41935483871
2021-03,ニュース速報,39368.22580645161
2021-03,ニュース速報+,123619.09677419355
2021-03,ニュー速VIP,107447.64516129032
2021-03,番組ch(NHK),46991.354838709674
2021-03,番組ch(TBS),32995.1935483871
2021-03,番組ch(フジ),23524.483870967742
2021-03,番組ch(朝日),33845.58064516129
2021-03,芸スポ速報+,47531.096774193546
2021-04,BS実況(無料),24109.9
2021-04,ニュース速報,44915.96666666667
2021-04,ニュース速報+,154599.7
2021-04,ニュー速VIP,106726.66666666667
2021-04,番組ch(NHK),44038.96666666667
2021-04,番組ch(TBS),32424.566666666666
2021-04,番組ch(フジ),23437.033333333333
2021-04,番組ch(朝日),34584.26666666667
2021-04,芸スポ速報+,50063.13333333333
2021-05,BS実況(無料),23905.354838709678
2021-05,ニュース速報,45611.87096774193
2021-05,ニュース速報+,163951.29032258064
2021-05,ニュー速VIP,106225.16129032258
2021-05,番組ch(NHK),47181.16129032258
2021-05,番組ch(TBS),30535.387096774193
2021-05,番組ch(フジ),25827.290322580644
2021-05,番組ch(朝日),33430.74193548387
2021-05,芸スポ速報+,42848.3870967742
2021-06,BS実況(無料),21303.166666666668
2021-06,ニュース速報,44931.1
2021-06,ニュース速報+,141840.66666666666
2021-06,ニュー速VIP,100933.56666666667
2021-06,番組ch(NHK),43622.63333333333
2021-06,番組ch(TBS),28182.566666666666
2021-06,番組ch(フジ),26289.666666666668
2021-06,番組ch(朝日),31076.866666666665
2021-06,芸スポ速報+,48403.566666666666
2021-07,BS実況(無料),21980.225806451614
2021-07,ニュース速報,50678.8064516129
2021-07,ニュース速報+,159253.4193548387
2021-07,ニュー速VIP,109073.2258064516
2021-07,番組ch(NHK),70081.6129032258
2021-07,番組ch(TBS),32385.354838709678
2021-07,番組ch(フジ),26839.967741935485
2021-07,番組ch(朝日),33779.77419354839
2021-07,芸スポ速報+,73392.7741935484
2021-08,BS実況(無料),19671.645161290322
2021-08,ニュース速報,52627.06451612903
2021-08,ニュース速報+,174114.16129032258
2021-08,ニュー速VIP,131241.64516129033
2021-08,番組ch(NHK),71852.96774193548
2021-08,番組ch(TBS),29414.774193548386
2021-08,番組ch(フジ),20889.483870967742
2021-08,番組ch(朝日),35310.903225806454
2021-08,芸スポ速報+,76682.6129032258
2021-09,BS実況(無料),21180.0
2021-09,ニュース速報,46114.3870967742
2021-09,ニュース速報+,147332.83870967742
2021-09,ニュー速VIP,111679.09677419355
2021-09,番組ch(NHK),45145.77419354839
2021-09,番組ch(TBS),26710.74193548387
2021-09,番組ch(フジ),26772.25806451613
2021-09,番組ch(朝日),32345.90322580645
2021-09,芸スポ速報+,49995.8064516129
2021-10,BS実況(無料),20467.322580645163
2021-10,ニュース速報,43759.45161290323
2021-10,ニュース速報+,133873.1935483871
2021-10,ニュー速VIP,106173.90322580645
2021-10,番組ch(NHK),45376.6129032258
2021-10,番組ch(TBS),25990.290322580644
2021-10,番組ch(フジ),25498.58064516129
2021-10,番組ch(朝日),33798.51612903226
2021-10,芸スポ速報+,50404.87096774193
2021-11,BS実況(無料),19887.1
2021-11,ニュース速報,44970.1
2021-11,ニュース速報+,110302.33333333333
2021-11,ニュー速VIP,106956.5
2021-11,番組ch(NHK),44357.333333333336
2021-11,番組ch(TBS),26576.333333333332
2021-11,番組ch(フジ),25758.833333333332
2021-11,番組ch(朝日),31366.566666666666
2021-11,芸スポ速報+,57412.86666666667
2021-12,BS実況(無料),19148.90322580645
2021-12,ニュース速報,39464.25806451613
2021-12,ニュース速報+,95371.54838709677
2021-12,ニュー速VIP,103526.58064516129
2021-12,番組ch(NHK),49110.06451612903
2021-12,番組ch(TBS),29540.83870967742
2021-12,番組ch(フジ),26105.8064516129
2021-12,番組ch(朝日),33335.67741935484
2021-12,芸スポ速報+,50435.06451612903
2022-01,BS実況(無料),22551.387096774193
2022-01,ニュース速報,45054.51612903226
2022-01,ニュース速報+,111200.74193548386
2022-01,ニュー速VIP,107375.67741935483
2022-01,番組ch(NHK),46893.83870967742
2022-01,番組ch(TBS),28857.548387096773
2022-01,番組ch(フジ),25672.290322580644
2022-01,番組ch(朝日),32782.22580645161
2022-01,芸スポ速報+,61222.83870967742
2022-02,BS実況(無料),21708.071428571428
2022-02,ニュース速報,49362.46428571428
2022-02,ニュース速報+,115206.67857142857
2022-02,ニュー速VIP,109785.07142857143
2022-02,番組ch(NHK),64786.46428571428
2022-02,番組ch(TBS),27955.25
2022-02,番組ch(フジ),24332.64285714286
2022-02,番組ch(朝日),32000.571428571428
2022-02,芸スポ速報+,72926.14285714286
2022-03,BS実況(無料),22517.064516129034
2022-03,なんでも実況G,244686.0
2022-03,ニュース速報,53600.967741935485
2022-03,ニュース速報+,132852.96774193548
2022-03,ニュー速VIP,110561.6129032258
2022-03,番組ch(NHK),49328.48387096774
2022-03,番組ch(TBS),27175.09677419355
2022-03,番組ch(フジ),21870.74193548387
2022-03,番組ch(朝日),31665.290322580644
2022-03,芸スポ速報+,50097.77419354839
2022-04,BS実況(無料),23194.333333333332
2022-04,なんでも実況G,260390.33333333334
2022-04,ニュース速報,44615.96666666667
2022-04,ニュース速報+,106727.96666666666
2022-04,ニュー速VIP,97256.0
2022-04,番組ch(NHK),49230.5
2022-04,番組ch(TBS),27268.2
2022-04,番組ch(フジ),21631.833333333332
2022-04,番組ch(朝日),28909.0
2022-04,芸スポ速報+,49064.73333333333
2022-05,BS実況(無料),22703.709677419356
2022-05,なんでも実況G,274826.32258064515
2022-05,ニュース速報,44535.967741935485
2022-05,ニュース速報+,104459.3870967742
2022-05,ニュー速VIP,97338.74193548386
2022-05,番組ch(NHK),47415.903225806454
2022-05,番組ch(TBS),28876.451612903227
2022-05,番組ch(フジ),22374.774193548386
2022-05,番組ch(朝日),30688.064516129034
2022-05,芸スポ速報+,48938.74193548387
2022-06,BS実況(無料),19441.466666666667
2022-06,なんでも実況G,267713.5
2022-06,ニュース速報,39731.46666666667
2022-06,ニュース速報+,92607.43333333333
2022-06,ニュー速VIP,88781.16666666667
2022-06,番組ch(NHK),41466.13333333333
2022-06,番組ch(TBS),28514.166666666668
2022-06,番組ch(フジ),20772.833333333332
2022-06,番組ch(朝日),29003.666666666668
2022-06,芸スポ速報+,40647.63333333333
2022-07,BS実況(無料),20574.322580645163
2022-07,なんでも実況G,297451.8387096774
2022-07,ニュース速報,45698.93548387097
2022-07,ニュース速報+,114909.03225806452
2022-07,ニュー速VIP,108926.19354838709
2022-07,番組ch(NHK),47872.06451612903
2022-07,番組ch(TBS),35856.290322580644
2022-07,番組ch(フジ),24584.1935483871
2022-07,番組ch(朝日),30728.129032258064
2022-07,芸スポ速報+,36683.87096774193
2022-08,BS実況(無料),18816.41935483871
2022-08,なんでも実況G,277303.29032258067
2022-08,ニュース速報,37756.290322580644
2022-08,ニュース速報+,57184.51612903226
2022-08,ニュー速VIP,100757.09677419355
2022-08,番組ch(NHK),49828.032258064515
2022-08,番組ch(TBS),25661.935483870966
2022-08,番組ch(フジ),17407.354838709678
2022-08,番組ch(朝日),25341.129032258064
2022-08,芸スポ速報+,27126.225806451614
2022-09,BS実況(無料),18948.966666666667
2022-09,なんでも実況G,303322.724137931
2022-09,ニュース速報,56341.46666666667
2022-09,ニュース速報+,57879.76666666667
2022-09,ニュー速VIP,107071.86666666667
2022-09,番組ch(NHK),44583.23333333333
2022-09,番組ch(TBS),25672.633333333335
2022-09,番組ch(フジ),19972.2
2022-09,番組ch(朝日),27692.066666666666
2022-09,芸スポ速報+,29728.7
2022-10,BS実況(無料),18832.225806451614
2022-10,なんでも実況G,280026.29032258067
2022-10,ニュース速報,42475.45161290323
2022-10,ニュース速報+,66826.3870967742
2022-10,ニュー速VIP,101301.2258064516
2022-10,番組ch(NHK),40766.77419354839
2022-10,番組ch(TBS),29654.483870967742
2022-10,番組ch(フジ),20326.0
2022-10,番組ch(朝日),29210.645161290322
2022-10,芸スポ速報+,33344.290322580644
2022-11,BS実況(無料),17339.466666666667
2022-11,なんでも実況G,277942.63333333336
2022-11,ニュース速報,46007.6
2022-11,ニュース速報+,67639.0
2022-11,ニュー速VIP,88822.46666666666
2022-11,番組ch(NHK),47769.2
2022-11,番組ch(TBS),26025.5
2022-11,番組ch(フジ),19227.166666666668
2022-11,番組ch(朝日),30030.8
2022-11,芸スポ速報+,41002.7
2022-12,BS実況(無料),17017.548387096773
2022-12,なんでも実況G,296162.12903225806
2022-12,ニュース速報,42174.74193548387
2022-12,ニュース速報+,65251.67741935484
2022-12,ニュー速VIP,103304.41935483871
2022-12,番組ch(NHK),51092.67741935484
2022-12,番組ch(TBS),27145.0
2022-12,番組ch(フジ),26821.709677419356
2022-12,番組ch(朝日),29218.83870967742
2022-12,芸スポ速報+,45095.45161290323
2023-01,BS実況(無料),20060.290322580644
2023-01,なんでも実況G,328795.2580645161
2023-01,ニュース速報,43408.58064516129
2023-01,ニュース速報+,80384.16129032258
2023-01,ニュー速VIP,94193.51612903226
2023-01,番組ch(NHK),45836.87096774193
2023-01,番組ch(TBS),28671.935483870966
2023-01,番組ch(フジ),21027.58064516129
2023-01,番組ch(朝日),31481.225806451614
2023-01,芸スポ速報+,44055.645161290326
2023-02,BS実況(無料),19075.35714285714
2023-02,なんでも実況G,253390.14285714287
2023-02,ニュース速報,40669.357142857145
2023-02,ニュース速報+,81592.03571428571
2023-02,ニュー速VIP,80101.39285714286
2023-02,番組ch(NHK),47079.32142857143
2023-02,番組ch(TBS),31591.428571428572
2023-02,番組ch(フジ),20030.35714285714
2023-02,番組ch(朝日),26971.714285714286
2023-02,芸スポ速報+,52916.75
2023-03,BS実況(無料),19746.129032258064
2023-03,なんでも実況G,263467.4761904762
2023-03,ニュース速報,42218.354838709674
2023-03,ニュース速報+,72193.54838709677
2023-03,ニュー速VIP,85462.35483870968
2023-03,番組ch(NHK),42252.67741935484
2023-03,番組ch(TBS),35696.22580645161
2023-03,番組ch(フジ),19707.774193548386
2023-03,番組ch(朝日),36111.967741935485
2023-03,芸スポ速報+,62064.51612903226
2023-04,BS実況(無料),18608.366666666665
2023-04,なんでも実況G,246557.7
2023-04,ニュース速報,30595.6
2023-04,ニュース速報+,65512.86666666667
2023-04,ニュー速VIP,74095.7
2023-04,番組ch(NHK),40510.9
2023-04,番組ch(TBS),25568.666666666668
2023-04,番組ch(フジ),23658.6
2023-04,番組ch(朝日),23251.7
2023-04,芸スポ速報+,31183.1
2023-05,BS実況(無料),19159.129032258064
2023-05,なんでも実況G,260432.38709677418
2023-05,ニュース速報,20911.935483870966
2023-05,ニュース速報+,55908.032258064515
2023-05,ニュー速VIP,96899.80645161291
2023-05,番組ch(NHK),43306.93548387097
2023-05,番組ch(TBS),25339.709677419356
2023-05,番組ch(フジ),17394.129032258064
2023-05,番組ch(朝日),23768.516129032258
2023-05,芸スポ速報+,35914.032258064515
2023-06,BS実況(無料),18777.166666666668
2023-06,なんでも実況G,209775.96666666667
2023-06,ニュース速報,23790.133333333335
2023-06,ニュース速報+,59880.7
2023-06,ニュー速VIP,73281.26666666666
2023-06,番組ch(NHK),39453.73333333333
2023-06,番組ch(TBS),23481.766666666666
2023-06,番組ch(フジ),16124.0
2023-06,番組ch(朝日),20461.8
2023-06,芸スポ速報+,35366.933333333334
2023-07,BS実況(無料),16098.322580645161
2023-07,なんでも実況G,173316.70967741936
2023-07,ニュース速報,28615.645161290322
2023-07,ニュース速報+,57740.83870967742
2023-07,ニュー速VIP,71461.70967741935
2023-07,番組ch(NHK),35627.3870967742
2023-07,番組ch(TBS),22265.09677419355
2023-07,番組ch(フジ),18139.25806451613
2023-07,番組ch(朝日),19084.90322580645
2023-07,芸スポ速報+,34492.74193548387
2023-08,BS実況(無料),14408.387096774193
2023-08,なんでも実況G,251572.96774193548
2023-08,ニュース速報,34558.0
2023-08,ニュース速報+,73830.06451612903
2023-08,ニュー速VIP,83115.64516129032
2023-08,番組ch(NHK),47040.58064516129
2023-08,番組ch(TBS),29021.90322580645
2023-08,番組ch(フジ),18141.774193548386
2023-08,番組ch(朝日),25418.0
2023-08,芸スポ速報+,42414.903225806454
2023-09,BS実況(無料),15916.7
2023-09,なんでも実況G,203467.1
2023-09,ニュース速報,38213.8
2023-09,ニュース速報+,67768.66666666667
2023-09,ニュー速VIP,75344.16666666667
2023-09,番組ch(NHK),41160.666666666664
2023-09,番組ch(TBS),27531.6
2023-09,番組ch(フジ),21364.4
2023-09,番組ch(朝日),26408.2
2023-09,芸スポ速報+,61568.5
2023-10,BS実況(無料),17214.290322580644
2023-10,なんでも実況G,69886.48387096774
2023-10,ニュース速報,35715.3870967742
2023-10,ニュース速報+,68481.96774193548
2023-10,ニュー速VIP,70807.03225806452
2023-10,番組ch(NHK),36303.67741935484
2023-10,番組ch(TBS),25943.322580645163
2023-10,番組ch(フジ),18863.16129032258
2023-10,番組ch(朝日),24977.032258064515
2023-10,芸スポ速報+,47491.51612903226
2023-11,BS実況(無料),16947.9
2023-11,なんでも実況G,95764.83333333333
2023-11,ニュース速報,27052.9
2023-11,ニュース速報+,76528.2
2023-11,ニュー速VIP,68575.6
2023-11,番組ch(NHK),38358.63333333333
2023-11,番組ch(TBS),23821.433333333334
2023-11,番組ch(フジ),20058.166666666668
2023-11,番組ch(朝日),25697.333333333332
2023-11,芸スポ速報+,51892.666666666664
2023-12,BS実況(無料),18142.870967741936
2023-12,なんでも実況G,140410.0
2023-12,ニュース速報,27158.387096774193
2023-12,ニュース速報+,67078.93548387097
2023-12,ニュー速VIP,67793.80645161291
2023-12,番組ch(NHK),47567.1935483871
2023-12,番組ch(TBS),27944.0
2023-12,番組ch(フジ),20513.387096774193
2023-12,番組ch(朝日),28815.129032258064
2023-12,芸スポ速報+,46132.22580645161
2024-01,BS実況(無料),18010.935483870966
2024-01,なんでも実況G,134074.06451612903
2024-01,ニュース速報,38238.290322580644
2024-01,ニュース速報+,80635.3870967742
2024-01,ニュー速VIP,82565.93548387097
2024-01,番組ch(NHK),51928.67741935484
2024-01,番組ch(TBS),27974.677419354837
2024-01,番組ch(フジ),22630.387096774193
2024-01,番組ch(朝日),31071.709677419356
2024-01,芸スポ速報+,79606.09677419355
2024-02,BS実況(無料),17867.896551724138
2024-02,なんでも実況G,152075.24137931035
2024-02,ニュース速報,35661.55172413793
2024-02,ニュース速報+,76364.44827586207
2024-02,ニュー速VIP,68274.79310344828
2024-02,番組ch(NHK),42530.06896551724
2024-02,番組ch(TBS),25531.48275862069
2024-02,番組ch(フジ),21519.48275862069
2024-02,番組ch(朝日),29246.241379310344
2024-02,芸スポ速報+,70260.24137931035
2024-03,BS実況(無料),17042.75
2024-03,なんでも実況G,115388.15625
2024-03,ニュース速報,33860.75
2024-03,ニュース速報+,77528.03125
2024-03,ニュー速VIP,71024.1875
2024-03,番組ch(NHK),45237.28125
2024-03,番組ch(TBS),27138.8125
2024-03,番組ch(フジ),21155.09375
2024-03,番組ch(朝日),29484.09375
2024-03,芸スポ速報+,62331.09375
2024-04,BS実況(無料),21368.0
2024-04,なんでも実況G,45795.2
2024-04,ニュース速報,29475.233333333334
2024-04,ニュース速報+,51970.433333333334
2024-04,ニュー速VIP,65796.26666666666
2024-04,番組ch(NHK),46535.76666666667
2024-04,番組ch(TBS),25591.766666666666
2024-04,番組ch(フジ),20474.633333333335
2024-04,番組ch(朝日),27411.833333333332
2024-04,芸スポ速報+,35683.13333333333
2024-05,BS実況(無料),19147.677419354837
2024-05,なんでも実況G,37391.290322580644
2024-05,ニュース速報,25574.516129032258
2024-05,ニュース速報+,49395.93548387097
2024-05,ニュー速VIP,64558.12903225807
2024-05,番組ch(NHK),46998.58064516129
2024-05,番組ch(TBS),24858.290322580644
2024-05,番組ch(フジ),22768.09677419355
2024-05,番組ch(朝日),26217.870967741936
2024-05,芸スポ速報+,28359.548387096773
2024-06,BS実況(無料),20158.133333333335
2024-06,なんでも実況G,41868.666666666664
2024-06,ニュース速報,26667.4
2024-06,ニュース速報+,47304.73333333333
2024-06,ニュー速VIP,66110.56666666667
2024-06,番組ch(NHK),46350.76666666667
2024-06,番組ch(TBS),25380.6
2024-06,番組ch(フジ),24910.5
2024-06,番組ch(朝日),29684.766666666666
2024-06,芸スポ速報+,31102.1
2024-07,BS実況(無料),19703.653846153848
2024-07,なんでも実況G,41969.53846153846
2024-07,ニュース速報,31604.30769230769
2024-07,ニュース速報+,49164.0
2024-07,ニュー速VIP,67810.42307692308
2024-07,番組ch(NHK),49111.346153846156
2024-07,番組ch(TBS),27536.576923076922
2024-07,番組ch(フジ),24372.73076923077
2024-07,番組ch(朝日),28201.46153846154
2024-07,芸スポ速報+,33615.653846153844
