ita_name,year_month,responses
BS実況(無料),2011-11,8877.473684210527
BS実況(無料),2011-12,8143.419354838709
BS実況(無料),2012-01,8936.290322580646
BS実況(無料),2012-02,9743.068965517241
BS実況(無料),2012-03,9967.129032258064
BS実況(無料),2012-04,11586.966666666667
BS実況(無料),2012-05,11128.612903225807
BS実況(無料),2012-06,12736.366666666667
BS実況(無料),2012-07,12373.387096774193
BS実況(無料),2012-08,10075.612903225807
BS実況(無料),2012-09,11536.533333333333
BS実況(無料),2012-10,12577.58064516129
BS実況(無料),2012-11,12638.733333333334
BS実況(無料),2012-12,12999.548387096775
BS実況(無料),2013-01,13121.516129032258
BS実況(無料),2013-02,13369.75
BS実況(無料),2013-03,12759.709677419354
BS実況(無料),2013-04,13805.366666666667
BS実況(無料),2013-05,10708.774193548386
BS実況(無料),2013-06,12824.033333333333
BS実況(無料),2013-07,12405.0
BS実況(無料),2013-08,11934.032258064517
BS実況(無料),2013-09,14557.733333333334
BS実況(無料),2013-10,14836.677419354839
BS実況(無料),2013-11,14652.766666666666
BS実況(無料),2013-12,13269.645161290322
BS実況(無料),2014-01,15538.290322580646
BS実況(無料),2014-02,15203.107142857143
BS実況(無料),2014-03,15535.032258064517
BS実況(無料),2014-04,16636.766666666666
BS実況(無料),2014-05,16512.34375
BS実況(無料),2014-06,17454.866666666665
BS実況(無料),2014-07,16558.064516129034
BS実況(無料),2014-08,16843.0
BS実況(無料),2014-09,16887.0
BS実況(無料),2014-10,16849.612903225807
BS実況(無料),2014-11,18679.133333333335
BS実況(無料),2014-12,15921.75
BS実況(無料),2015-01,17850.52380952381
BS実況(無料),2015-02,19762.071428571428
BS実況(無料),2015-03,18070.53125
BS実況(無料),2015-04,20811.633333333335
BS実況(無料),2015-05,19884.8064516129
BS実況(無料),2015-06,20925.7
BS実況(無料),2015-07,21954.387096774193
BS実況(無料),2015-08,21524.41935483871
BS実況(無料),2015-09,21592.766666666666
BS実況(無料),2015-10,21884.064516129034
BS実況(無料),2015-11,21902.7
BS実況(無料),2015-12,20610.129032258064
BS実況(無料),2016-01,21752.322580645163
BS実況(無料),2016-02,22056.931034482757
BS実況(無料),2016-03,20133.225806451614
BS実況(無料),2016-04,23295.366666666665
BS実況(無料),2016-05,23649.1935483871
BS実況(無料),2016-06,21083.8
BS実況(無料),2016-07,25061.032258064515
BS実況(無料),2016-08,20186.322580645163
BS実況(無料),2016-09,22417.633333333335
BS実況(無料),2016-10,22464.935483870966
BS実況(無料),2016-11,21333.933333333334
BS実況(無料),2016-12,21010.322580645163
BS実況(無料),2017-01,23172.548387096773
BS実況(無料),2017-02,24194.214285714286
BS実況(無料),2017-03,21664.548387096773
BS実況(無料),2017-04,22345.266666666666
BS実況(無料),2017-05,20916.8064516129
BS実況(無料),2017-06,20669.1
BS実況(無料),2017-07,24512.774193548386
BS実況(無料),2017-08,22807.0
BS実況(無料),2017-09,24073.0
BS実況(無料),2017-10,25578.09677419355
BS実況(無料),2017-11,24316.833333333332
BS実況(無料),2017-12,24673.645161290322
BS実況(無料),2018-01,26026.8064516129
BS実況(無料),2018-02,23195.428571428572
BS実況(無料),2018-03,23052.9
BS実況(無料),2018-04,24199.733333333334
BS実況(無料),2018-05,22189.032258064515
BS実況(無料),2018-06,19483.5
BS実況(無料),2018-07,23113.1935483871
BS実況(無料),2018-08,21045.774193548386
BS実況(無料),2018-09,22746.233333333334
BS実況(無料),2018-10,24049.09677419355
BS実況(無料),2018-11,24914.733333333334
BS実況(無料),2018-12,23427.0
BS実況(無料),2019-01,23025.1935483871
BS実況(無料),2019-02,23610.321428571428
BS実況(無料),2019-03,22584.483870967742
BS実況(無料),2019-04,21838.333333333332
BS実況(無料),2019-05,21055.41935483871
BS実況(無料),2019-06,20335.566666666666
BS実況(無料),2019-07,23628.870967741936
BS実況(無料),2019-08,22168.548387096773
BS実況(無料),2019-09,21303.933333333334
BS実況(無料),2019-10,23469.90322580645
BS実況(無料),2019-11,23870.3
BS実況(無料),2019-12,22198.16129032258
BS実況(無料),2020-01,24337.290322580644
BS実況(無料),2020-02,23780.655172413793
BS実況(無料),2020-03,24400.354838709678
BS実況(無料),2020-04,23692.233333333334
BS実況(無料),2020-05,22360.1935483871
BS実況(無料),2020-06,21148.333333333332
BS実況(無料),2020-07,21462.90322580645
BS実況(無料),2020-08,22754.129032258064
BS実況(無料),2020-09,20983.9
BS実況(無料),2020-10,23459.935483870966
BS実況(無料),2020-11,21726.066666666666
BS実況(無料),2020-12,22152.90322580645
BS実況(無料),2021-01,25648.064516129034
BS実況(無料),2021-02,24734.178571428572
BS実況(無料),2021-03,23459.41935483871
BS実況(無料),2021-04,24109.9
BS実況(無料),2021-05,23905.354838709678
BS実況(無料),2021-06,21303.166666666668
BS実況(無料),2021-07,21980.225806451614
BS実況(無料),2021-08,19671.645161290322
BS実況(無料),2021-09,21180.0
BS実況(無料),2021-10,20467.322580645163
BS実況(無料),2021-11,19887.1
BS実況(無料),2021-12,19148.90322580645
BS実況(無料),2022-01,22551.387096774193
BS実況(無料),2022-02,21708.071428571428
BS実況(無料),2022-03,22517.064516129034
BS実況(無料),2022-04,23194.333333333332
BS実況(無料),2022-05,22703.709677419356
BS実況(無料),2022-06,19441.466666666667
BS実況(無料),2022-07,20574.322580645163
BS実況(無料),2022-08,18816.41935483871
BS実況(無料),2022-09,18948.966666666667
BS実況(無料),2022-10,18832.225806451614
BS実況(無料),2022-11,17339.466666666667
BS実況(無料),2022-12,17017.548387096773
BS実況(無料),2023-01,20060.290322580644
BS実況(無料),2023-02,19075.35714285714
BS実況(無料),2023-03,19746.129032258064
BS実況(無料),2023-04,18608.366666666665
BS実況(無料),2023-05,19159.129032258064
BS実況(無料),2023-06,18777.166666666668
BS実況(無料),2023-07,16098.322580645161
BS実況(無料),2023-08,14408.387096774193
BS実況(無料),2023-09,15916.7
BS実況(無料),2023-10,17214.290322580644
BS実況(無料),2023-11,16947.9
BS実況(無料),2023-12,18142.870967741936
BS実況(無料),2024-01,18010.935483870966
BS実況(無料),2024-02,17867.896551724138
BS実況(無料),2024-03,17042.75
BS実況(無料),2024-04,21368.0
BS実況(無料),2024-05,19147.677419354837
BS実況(無料),2024-06,20158.133333333335
BS実況(無料),2024-07,19703.653846153848
なんでも実況G,2022-03,244686.0
なんでも実況G,2022-04,260390.33333333334
なんでも実況G,2022-05,274826.32258064515
なんでも実況G,2022-06,267713.5
なんでも実況G,2022-07,297451.8387096774
なんでも実況G,2022-08,277303.29032258067
なんでも実況G,2022-09,303322.724137931
なんでも実況G,2022-10,280026.29032258067
なんでも実況G,2022-11,277942.63333333336
なんでも実況G,2022-12,296162.12903225806
なんでも実況G,2023-01,328795.2580645161
なんでも実況G,2023-02,253390.14285714287
なんでも実況G,2023-03,263467.4761904762
なんでも実況G,2023-04,246557.7
なんでも実況G,2023-05,260432.38709677418
なんでも実況G,2023-06,209775.96666666667
なんでも実況G,2023-07,173316.70967741936
なんでも実況G,2023-08,251572.96774193548
なんでも実況G,2023-09,203467.1
なんでも実況G,2023-10,69886.48387096774
なんでも実況G,2023-11,95764.83333333333
なんでも実況G,2023-12,140410.0
なんでも実況G,2024-01,134074.06451612903
なんでも実況G,2024-02,152075.24137931035
なんでも実況G,2024-03,115388.15625
なんでも実況G,2024-04,45795.2
なんでも実況G,2024-05,37391.290322580644
なんでも実況G,2024-06,41868.666666666664
なんでも実況G,2024-07,41969.53846153846
ニュース速報,2008-07,80199.20588235294
ニュース速報,2008-08,89975.48387096774
ニュース速報,2008-09,77497.13333333333
ニュース速報,2008-10,89549.89655172414
ニュース速報,2008-11,89758.16666666667
ニュース速報,2008-12,87668.90322580645
ニュース速報,2009-01,105534.80645161291
ニュース速報,2009-02,104995.17857142857
ニュース速報,2009-03,98313.51612903226
ニュース速報,2009-04,99884.66666666667
ニュース速報,2009-05,96175.93548387097
ニュース速報,2009-06,98774.63333333333
ニュース速報,2009-07,107072.12903225806
ニュース速報,2009-08,116398.74193548386
ニュース速報,2009-09,121062.83333333333
ニュース速報,2009-10,106945.2258064516
ニュース速報,2009-11,95691.36666666667
ニュース速報,2009-12,101438.74193548386
ニュース速報,2010-01,89180.41935483871
ニュース速報,2010-02,102009.32142857143
ニュース速報,2010-03,132252.13333333333
ニュース速報,2010-04,87015.06666666667
ニュース速報,2010-05,74628.83870967742
ニュース速報,2010-06,86984.23333333334
ニュース速報,2010-07,81184.41935483871
ニュース速報,2010-08,82064.2258064516
ニュース速報,2010-09,86801.10714285714
ニュース速報,2010-10,102769.96774193548
ニュース速報,2010-11,109490.0
ニュース速報,2010-12,84222.83870967742
ニュース速報,2011-01,85862.19354838709
ニュース速報,2011-02,112092.14285714286
ニュース速報,2011-03,203808.5806451613
ニュース速報,2011-04,142097.23333333334
ニュース速報,2011-05,125316.16129032258
ニュース速報,2011-06,129535.5
ニュース速報,2011-07,151177.32258064515
ニュース速報,2011-08,162028.4516129032
ニュース速報,2011-09,165759.23333333334
ニュース速報,2011-10,159093.74193548388
ニュース速報,2011-11,163443.66666666666
ニュース速報,2011-12,164105.06451612903
ニュース速報,2012-01,76374.09677419355
ニュース速報,2012-02,12457.034482758621
ニュース速報,2012-03,10454.677419354839
ニュース速報,2012-04,14577.266666666666
ニュース速報,2012-05,22284.612903225807
ニュース速報,2012-06,25061.1
ニュース速報,2012-07,31367.387096774193
ニュース速報,2012-08,34494.83870967742
ニュース速報,2012-09,34341.833333333336
ニュース速報,2012-10,31813.774193548386
ニュース速報,2012-11,29684.766666666666
ニュース速報,2012-12,33034.41935483871
ニュース速報,2013-01,31570.225806451614
ニュース速報,2013-02,31997.678571428572
ニュース速報,2013-03,32183.709677419356
ニュース速報,2013-04,27690.266666666666
ニュース速報,2013-05,19985.322580645163
ニュース速報,2013-06,26252.7
ニュース速報,2013-07,28081.612903225807
ニュース速報,2013-08,34405.32258064516
ニュース速報,2013-09,53341.03333333333
ニュース速報,2013-10,50575.54838709677
ニュース速報,2013-11,49198.1
ニュース速報,2013-12,25381.322580645163
ニュース速報,2014-01,30583.548387096773
ニュース速報,2014-02,37221.92857142857
ニュース速報,2014-03,33622.74193548387
ニュース速報,2014-04,25002.866666666665
ニュース速報,2014-05,28783.40625
ニュース速報,2014-06,30102.666666666668
ニュース速報,2014-07,32164.59259259259
ニュース速報,2014-08,22642.814814814814
ニュース速報,2014-09,31858.633333333335
ニュース速報,2014-10,29076.83870967742
ニュース速報,2014-11,26161.1
ニュース速報,2014-12,25729.666666666668
ニュース速報,2015-01,26864.90322580645
ニュース速報,2015-02,30915.821428571428
ニュース速報,2015-03,25487.71875
ニュース速報,2015-04,25854.5
ニュース速報,2015-05,28919.645161290322
ニュース速報,2015-06,30166.766666666666
ニュース速報,2015-07,33079.06451612903
ニュース速報,2015-08,36201.12903225807
ニュース速報,2015-09,37637.63333333333
ニュース速報,2015-10,32325.516129032258
ニュース速報,2015-11,33010.76666666667
ニュース速報,2015-12,31482.0
ニュース速報,2016-01,34456.3870967742
ニュース速報,2016-02,34341.724137931036
ニュース速報,2016-03,35807.12903225807
ニュース速報,2016-04,40069.03333333333
ニュース速報,2016-05,40295.3870967742
ニュース速報,2016-06,40387.2
ニュース速報,2016-07,44797.3870967742
ニュース速報,2016-08,44603.0
ニュース速報,2016-09,41456.73333333333
ニュース速報,2016-10,38387.87096774193
ニュース速報,2016-11,36686.7
ニュース速報,2016-12,35550.87096774193
ニュース速報,2017-01,36151.6129032258
ニュース速報,2017-02,37164.96428571428
ニュース速報,2017-03,38122.77419354839
ニュース速報,2017-04,37730.96666666667
ニュース速報,2017-05,35665.48387096774
ニュース速報,2017-06,36463.2
ニュース速報,2017-07,36414.096774193546
ニュース速報,2017-08,33216.096774193546
ニュース速報,2017-09,36171.86666666667
ニュース速報,2017-10,35939.45161290323
ニュース速報,2017-11,36951.933333333334
ニュース速報,2017-12,33161.0
ニュース速報,2018-01,34475.3870967742
ニュース速報,2018-02,33866.07142857143
ニュース速報,2018-03,34233.76666666667
ニュース速報,2018-04,35491.13333333333
ニュース速報,2018-05,37651.77419354839
ニュース速報,2018-06,40512.5
ニュース速報,2018-07,42823.032258064515
ニュース速報,2018-08,38743.06451612903
ニュース速報,2018-09,38021.26666666667
ニュース速報,2018-10,34183.1935483871
ニュース速報,2018-11,34314.433333333334
ニュース速報,2018-12,31732.16129032258
ニュース速報,2019-01,34850.87096774193
ニュース速報,2019-02,35147.17857142857
ニュース速報,2019-03,32976.83870967742
ニュース速報,2019-04,32772.933333333334
ニュース速報,2019-05,37866.0
ニュース速報,2019-06,37644.53333333333
ニュース速報,2019-07,50047.06451612903
ニュース速報,2019-08,53703.87096774193
ニュース速報,2019-09,41076.76666666667
ニュース速報,2019-10,40897.51612903226
ニュース速報,2019-11,39796.46666666667
ニュース速報,2019-12,33935.16129032258
ニュース速報,2020-01,37223.3870967742
ニュース速報,2020-02,43320.65517241379
ニュース速報,2020-03,52097.3870967742
ニュース速報,2020-04,59377.36666666667
ニュース速報,2020-05,51774.74193548387
ニュース速報,2020-06,42189.833333333336
ニュース速報,2020-07,46786.096774193546
ニュース速報,2020-08,48132.645161290326
ニュース速報,2020-09,44695.73333333333
ニュース速報,2020-10,42171.6129032258
ニュース速報,2020-11,43324.666666666664
ニュース速報,2020-12,40948.16129032258
ニュース速報,2021-01,41322.032258064515
ニュース速報,2021-02,36566.82142857143
ニュース速報,2021-03,39368.22580645161
ニュース速報,2021-04,44915.96666666667
ニュース速報,2021-05,45611.87096774193
ニュース速報,2021-06,44931.1
ニュース速報,2021-07,50678.8064516129
ニュース速報,2021-08,52627.06451612903
ニュース速報,2021-09,46114.3870967742
ニュース速報,2021-10,43759.45161290323
ニュース速報,2021-11,44970.1
ニュース速報,2021-12,39464.25806451613
ニュース速報,2022-01,45054.51612903226
ニュース速報,2022-02,49362.46428571428
ニュース速報,2022-03,53600.967741935485
ニュース速報,2022-04,44615.96666666667
ニュース速報,2022-05,44535.967741935485
ニュース速報,2022-06,39731.46666666667
ニュース速報,2022-07,45698.93548387097
ニュース速報,2022-08,37756.290322580644
ニュース速報,2022-09,56341.46666666667
ニュース速報,2022-10,42475.45161290323
ニュース速報,2022-11,46007.6
ニュース速報,2022-12,42174.74193548387
ニュース速報,2023-01,43408.58064516129
ニュース速報,2023-02,40669.357142857145
ニュース速報,2023-03,42218.354838709674
ニュース速報,2023-04,30595.6
ニュース速報,2023-05,20911.935483870966
ニュース速報,2023-06,23790.133333333335
ニュース速報,2023-07,28615.645161290322
ニュース速報,2023-08,34558.0
ニュース速報,2023-09,38213.8
ニュース速報,2023-10,35715.3870967742
ニュース速報,2023-11,27052.9
ニュース速報,2023-12,27158.387096774193
ニュース速報,2024-01,38238.290322580644
ニュース速報,2024-02,35661.55172413793
ニュース速報,2024-03,33860.75
ニュース速報,2024-04,29475.233333333334
ニュース速報,2024-05,25574.516129032258
ニュース速報,2024-06,26667.4
ニュース速報,2024-07,31604.30769230769
ニュース速報+,2008-07,97108.0
ニュース速報+,2008-08,93245.09677419355
ニュース速報+,2008-09,89244.26666666666
ニュース速報+,2008-10,87991.0
ニュース速報+,2008-11,91682.8
ニュース速報+,2008-12,84870.80645161291
ニュース速報+,2009-01,87809.12903225806
ニュース速報+,2009-02,92346.46428571429
ニュース速報+,2009-03,82023.19354838709
ニュース速報+,2009-04,99579.73333333334
ニュース速報+,2009-05,101665.70967741935
ニュース速報+,2009-06,101091.23333333334
ニュース速報+,2009-07,107130.12903225806
ニュース速報+,2009-08,113748.32258064517
ニュース速報+,2009-09,114170.1
ニュース速報+,2009-10,101913.25806451614
ニュース速報+,2009-11,92749.53333333334
ニュース速報+,2009-12,99956.70967741935
ニュース速報+,2010-01,77154.87096774194
ニュース速報+,2010-02,79549.53571428571
ニュース速報+,2010-03,100096.0
ニュース速報+,2010-04,82297.36666666667
ニュース速報+,2010-05,79746.41935483871
ニュース速報+,2010-06,70049.26666666666
ニュース速報+,2010-07,73052.3870967742
ニュース速報+,2010-08,65986.96774193548
ニュース速報+,2010-09,70524.21428571429
ニュース速報+,2010-10,82690.70967741935
ニュース速報+,2010-11,104260.76666666666
ニュース速報+,2010-12,66470.06451612903
ニュース速報+,2011-01,52905.290322580644
ニュース速報+,2011-02,84503.0
ニュース速報+,2011-03,172526.32258064515
ニュース速報+,2011-04,129004.33333333333
ニュース速報+,2011-05,98749.25806451614
ニュース速報+,2011-06,88357.16666666667
ニュース速報+,2011-07,93606.3870967742
ニュース速報+,2011-08,95700.70967741935
ニュース速報+,2011-09,95918.3
ニュース速報+,2011-10,81965.51612903226
ニュース速報+,2011-11,83188.06666666667
ニュース速報+,2011-12,83490.64516129032
ニュース速報+,2012-01,86696.67741935483
ニュース速報+,2012-02,94244.0
ニュース速報+,2012-03,89475.70967741935
ニュース速報+,2012-04,83340.8
ニュース速報+,2012-05,96681.6129032258
ニュース速報+,2012-06,91538.96666666666
ニュース速報+,2012-07,103392.0
ニュース速報+,2012-08,115260.74193548386
ニュース速報+,2012-09,108785.13333333333
ニュース速報+,2012-10,94849.12903225806
ニュース速報+,2012-11,93793.3
ニュース速報+,2012-12,106643.93548387097
ニュース速報+,2013-01,92346.67741935483
ニュース速報+,2013-02,96169.35714285714
ニュース速報+,2013-03,88975.67741935483
ニュース速報+,2013-04,80338.86666666667
ニュース速報+,2013-05,78193.45161290323
ニュース速報+,2013-06,72026.76666666666
ニュース速報+,2013-07,70372.90322580645
ニュース速報+,2013-08,59775.25806451613
ニュース速報+,2013-09,82864.06896551725
ニュース速報+,2013-10,89906.2258064516
ニュース速報+,2013-11,92283.33333333333
ニュース速報+,2013-12,88135.48387096774
ニュース速報+,2014-01,92316.0
ニュース速報+,2014-02,92113.57142857143
ニュース速報+,2014-03,84568.96774193548
ニュース速報+,2014-04,76954.86666666667
ニュース速報+,2014-05,81962.40625
ニュース速報+,2014-06,86409.93333333333
ニュース速報+,2014-07,94615.58064516129
ニュース速報+,2014-08,97942.7741935484
ニュース速報+,2014-09,94164.46666666666
ニュース速報+,2014-10,96651.0
ニュース速報+,2014-11,88825.26666666666
ニュース速報+,2014-12,83936.64516129032
ニュース速報+,2015-01,90567.32258064517
ニュース速報+,2015-02,100448.25
ニュース速報+,2015-03,79770.28125
ニュース速報+,2015-04,73511.5
ニュース速報+,2015-05,81098.64516129032
ニュース速報+,2015-06,84626.9
ニュース速報+,2015-07,103110.90322580645
ニュース速報+,2015-08,114589.6129032258
ニュース速報+,2015-09,115319.9
ニュース速報+,2015-10,85245.2258064516
ニュース速報+,2015-11,92381.96666666666
ニュース速報+,2015-12,86714.41935483871
ニュース速報+,2016-01,91111.74193548386
ニュース速報+,2016-02,96972.37931034483
ニュース速報+,2016-03,101641.06451612903
ニュース速報+,2016-04,120349.8
ニュース速報+,2016-05,111812.06451612903
ニュース速報+,2016-06,116128.2
ニュース速報+,2016-07,136788.0
ニュース速報+,2016-08,106641.8
ニュース速報+,2016-09,103061.93333333333
ニュース速報+,2016-10,104938.70967741935
ニュース速報+,2016-11,105434.66666666667
ニュース速報+,2016-12,99636.70967741935
ニュース速報+,2017-01,110101.87096774194
ニュース速報+,2017-02,116756.46428571429
ニュース速報+,2017-03,132521.67741935485
ニュース速報+,2017-04,104508.66666666667
ニュース速報+,2017-05,103516.06451612903
ニュース速報+,2017-06,98574.7
ニュース速報+,2017-07,107910.70967741935
ニュース速報+,2017-08,97346.0
ニュース速報+,2017-09,109108.16666666667
ニュース速報+,2017-10,107334.96774193548
ニュース速報+,2017-11,99686.03333333334
ニュース速報+,2017-12,93215.6129032258
ニュース速報+,2018-01,101297.3870967742
ニュース速報+,2018-02,106312.75
ニュース速報+,2018-03,100952.7
ニュース速報+,2018-04,107835.2
ニュース速報+,2018-05,109727.29032258065
ニュース速報+,2018-06,107679.66666666667
ニュース速報+,2018-07,114044.2258064516
ニュース速報+,2018-08,109510.87096774194
ニュース速報+,2018-09,112317.0
ニュース速報+,2018-10,107130.6129032258
ニュース速報+,2018-11,119044.16666666667
ニュース速報+,2018-12,107414.06451612903
ニュース速報+,2019-01,121491.54838709677
ニュース速報+,2019-02,129573.35714285714
ニュース速報+,2019-03,116041.90322580645
ニュース速報+,2019-04,120355.06666666667
ニュース速報+,2019-05,132842.93548387097
ニュース速報+,2019-06,136552.3
ニュース速報+,2019-07,144866.5806451613
ニュース速報+,2019-08,139832.06451612903
ニュース速報+,2019-09,133808.93333333332
ニュース速報+,2019-10,145208.09677419355
ニュース速報+,2019-11,126220.53333333334
ニュース速報+,2019-12,122771.7741935484
ニュース速報+,2020-01,144845.5483870968
ニュース速報+,2020-02,230823.93103448275
ニュース速報+,2020-03,260021.16129032258
ニュース速報+,2020-04,279226.5
ニュース速報+,2020-05,187566.09677419355
ニュース速報+,2020-06,135807.9
ニュース速報+,2020-07,130846.83870967742
ニュース速報+,2020-08,128175.6129032258
ニュース速報+,2020-09,129482.23333333334
ニュース速報+,2020-10,121293.32258064517
ニュース速報+,2020-11,150497.86666666667
ニュース速報+,2020-12,149869.5806451613
ニュース速報+,2021-01,170506.38709677418
ニュース速報+,2021-02,131878.0357142857
ニュース速報+,2021-03,123619.09677419355
ニュース速報+,2021-04,154599.7
ニュース速報+,2021-05,163951.29032258064
ニュース速報+,2021-06,141840.66666666666
ニュース速報+,2021-07,159253.4193548387
ニュース速報+,2021-08,174114.16129032258
ニュース速報+,2021-09,147332.83870967742
ニュース速報+,2021-10,133873.1935483871
ニュース速報+,2021-11,110302.33333333333
ニュース速報+,2021-12,95371.54838709677
ニュース速報+,2022-01,111200.74193548386
ニュース速報+,2022-02,115206.67857142857
ニュース速報+,2022-03,132852.96774193548
ニュース速報+,2022-04,106727.96666666666
ニュース速報+,2022-05,104459.3870967742
ニュース速報+,2022-06,92607.43333333333
ニュース速報+,2022-07,114909.03225806452
ニュース速報+,2022-08,57184.51612903226
ニュース速報+,2022-09,57879.76666666667
ニュース速報+,2022-10,66826.3870967742
ニュース速報+,2022-11,67639.0
ニュース速報+,2022-12,65251.67741935484
ニュース速報+,2023-01,80384.16129032258
ニュース速報+,2023-02,81592.03571428571
ニュース速報+,2023-03,72193.54838709677
ニュース速報+,2023-04,65512.86666666667
ニュース速報+,2023-05,55908.032258064515
ニュース速報+,2023-06,59880.7
ニュース速報+,2023-07,57740.83870967742
ニュース速報+,2023-08,73830.06451612903
ニュース速報+,2023-09,67768.66666666667
ニュース速報+,2023-10,68481.96774193548
ニュース速報+,2023-11,76528.2
ニュース速報+,2023-12,67078.93548387097
ニュース速報+,2024-01,80635.3870967742
ニュース速報+,2024-02,76364.44827586207
ニュース速報+,2024-03,77528.03125
ニュース速報+,2024-04,51970.433333333334
ニュース速報+,2024-05,49395.93548387097
ニュース速報+,2024-06,47304.73333333333
ニュース速報+,2024-07,49164.0
ニュー速VIP,2008-07,272602.76470588235
ニュー速VIP,2008-08,305815.3870967742
ニュー速VIP,2008-09,239322.86666666667
ニュー速VIP,2008-10,247320.12903225806
ニュー速VIP,2008-11,238720.06666666668
ニュー速VIP,2008-12,238803.8064516129
ニュー速VIP,2009-01,254303.35483870967
ニュー速VIP,2009-02,235332.82142857142
ニュー速VIP,2009-03,208840.4516129032
ニュー速VIP,2009-04,208830.13333333333
ニュー速VIP,2009-05,218119.64516129033
ニュー速VIP,2009-06,226305.93333333332
ニュー速VIP,2009-07,256826.48387096773
ニュー速VIP,2009-08,259834.12903225806
ニュー速VIP,2009-09,274094.63333333336
ニュー速VIP,2009-10,261100.70967741936
ニュー速VIP,2009-11,188424.36666666667
ニュー速VIP,2009-12,235161.25806451612
ニュー速VIP,2010-01,139659.1935483871
ニュー速VIP,2010-02,166702.82142857142
ニュー速VIP,2010-03,206139.83333333334
ニュー速VIP,2010-04,158557.4
ニュー速VIP,2010-05,135496.90322580645
ニュー速VIP,2010-06,191215.96666666667
ニュー速VIP,2010-07,176813.5806451613
ニュー速VIP,2010-08,142735.12903225806
ニュー速VIP,2010-09,142887.75
ニュー速VIP,2010-10,173351.09677419355
ニュー速VIP,2010-11,157133.63333333333
ニュー速VIP,2010-12,127116.87096774194
ニュー速VIP,2011-01,138893.25806451612
ニュー速VIP,2011-02,181618.67857142858
ニュー速VIP,2011-03,224628.16129032258
ニュー速VIP,2011-04,233769.06666666668
ニュー速VIP,2011-05,252940.16129032258
ニュー速VIP,2011-06,232973.5
ニュー速VIP,2011-07,319130.1612903226
ニュー速VIP,2011-08,355463.6129032258
ニュー速VIP,2011-09,351037.9666666667
ニュー速VIP,2011-10,344852.03225806454
ニュー速VIP,2011-11,363702.9
ニュー速VIP,2011-12,360089.6129032258
ニュー速VIP,2012-01,345800.96774193546
ニュー速VIP,2012-02,305710.5517241379
ニュー速VIP,2012-03,316374.03225806454
ニュー速VIP,2012-04,266399.1666666667
ニュー速VIP,2012-05,310299.6129032258
ニュー速VIP,2012-06,289094.13333333336
ニュー速VIP,2012-07,317559.77419354836
ニュー速VIP,2012-08,348547.1612903226
ニュー速VIP,2012-09,290793.23333333334
ニュー速VIP,2012-10,283870.1612903226
ニュー速VIP,2012-11,260063.13333333333
ニュー速VIP,2012-12,288305.73333333334
ニュー速VIP,2013-01,290018.0
ニュー速VIP,2013-02,294257.5714285714
ニュー速VIP,2013-03,289698.29032258067
ニュー速VIP,2013-04,219743.16666666666
ニュー速VIP,2013-05,135171.70967741936
ニュー速VIP,2013-06,195375.66666666666
ニュー速VIP,2013-07,173611.32258064515
ニュー速VIP,2013-08,236247.93548387097
ニュー速VIP,2013-09,389798.36666666664
ニュー速VIP,2013-10,378537.4516129032
ニュー速VIP,2013-11,354397.26666666666
ニュー速VIP,2013-12,241868.1935483871
ニュー速VIP,2014-01,265548.77419354836
ニュー速VIP,2014-02,283428.4285714286
ニュー速VIP,2014-03,304056.8387096774
ニュー速VIP,2014-04,247099.5
ニュー速VIP,2014-05,256420.65625
ニュー速VIP,2014-06,257545.26666666666
ニュー速VIP,2014-07,258823.4814814815
ニュー速VIP,2014-08,186043.4
ニュー速VIP,2014-09,246851.33333333334
ニュー速VIP,2014-10,234660.29032258064
ニュー速VIP,2014-11,236830.13333333333
ニュー速VIP,2014-12,193292.66666666666
ニュー速VIP,2015-01,207576.26666666666
ニュー速VIP,2015-02,245350.14285714287
ニュー速VIP,2015-03,208542.625
ニュー速VIP,2015-04,187418.4
ニュー速VIP,2015-05,211548.5806451613
ニュー速VIP,2015-06,206475.43333333332
ニュー速VIP,2015-07,216816.7741935484
ニュー速VIP,2015-08,236493.5483870968
ニュー速VIP,2015-09,219530.1
ニュー速VIP,2015-10,206217.25806451612
ニュー速VIP,2015-11,209040.26666666666
ニュー速VIP,2015-12,188731.35483870967
ニュー速VIP,2016-01,194047.0
ニュー速VIP,2016-02,193254.62068965516
ニュー速VIP,2016-03,196730.61290322582
ニュー速VIP,2016-04,192420.66666666666
ニュー速VIP,2016-05,204396.61290322582
ニュー速VIP,2016-06,191642.7
ニュー速VIP,2016-07,181821.90322580645
ニュー速VIP,2016-08,158842.43333333332
ニュー速VIP,2016-09,156126.4
ニュー速VIP,2016-10,156186.09677419355
ニュー速VIP,2016-11,146756.26666666666
ニュー速VIP,2016-12,153507.48387096773
ニュー速VIP,2017-01,162821.12903225806
ニュー速VIP,2017-02,160301.2857142857
ニュー速VIP,2017-03,160644.35483870967
ニュー速VIP,2017-04,146574.43333333332
ニュー速VIP,2017-05,157963.35483870967
ニュー速VIP,2017-06,142087.53333333333
ニュー速VIP,2017-07,143107.83870967742
ニュー速VIP,2017-08,142898.16129032258
ニュー速VIP,2017-09,142485.23333333334
ニュー速VIP,2017-10,147118.70967741936
ニュー速VIP,2017-11,151092.56666666668
ニュー速VIP,2017-12,144663.4193548387
ニュー速VIP,2018-01,140395.51612903227
ニュー速VIP,2018-02,131233.57142857142
ニュー速VIP,2018-03,135277.96666666667
ニュー速VIP,2018-04,140199.5
ニュー速VIP,2018-05,144526.2258064516
ニュー速VIP,2018-06,145366.23333333334
ニュー速VIP,2018-07,151200.09677419355
ニュー速VIP,2018-08,155068.09677419355
ニュー速VIP,2018-09,143066.76666666666
ニュー速VIP,2018-10,130838.93548387097
ニュー速VIP,2018-11,131983.63333333333
ニュー速VIP,2018-12,122119.87096774194
ニュー速VIP,2019-01,124819.87096774194
ニュー速VIP,2019-02,127477.57142857143
ニュー速VIP,2019-03,127840.96774193548
ニュー速VIP,2019-04,124818.06666666667
ニュー速VIP,2019-05,135880.4516129032
ニュー速VIP,2019-06,133980.56666666668
ニュー速VIP,2019-07,129556.58064516129
ニュー速VIP,2019-08,136425.5806451613
ニュー速VIP,2019-09,117608.5
ニュー速VIP,2019-10,112523.03225806452
ニュー速VIP,2019-11,110317.03333333334
ニュー速VIP,2019-12,109953.06451612903
ニュー速VIP,2020-01,114819.41935483871
ニュー速VIP,2020-02,113836.96551724138
ニュー速VIP,2020-03,113777.0
ニュー速VIP,2020-04,126604.36666666667
ニュー速VIP,2020-05,133582.87096774194
ニュー速VIP,2020-06,117508.9
ニュー速VIP,2020-07,121348.06451612903
ニュー速VIP,2020-08,133769.48387096773
ニュー速VIP,2020-09,122367.06666666667
ニュー速VIP,2020-10,115278.16129032258
ニュー速VIP,2020-11,116178.66666666667
ニュー速VIP,2020-12,114610.35483870968
ニュー速VIP,2021-01,120889.54838709677
ニュー速VIP,2021-02,114364.25
ニュー速VIP,2021-03,107447.64516129032
ニュー速VIP,2021-04,106726.66666666667
ニュー速VIP,2021-05,106225.16129032258
ニュー速VIP,2021-06,100933.56666666667
ニュー速VIP,2021-07,109073.2258064516
ニュー速VIP,2021-08,131241.64516129033
ニュー速VIP,2021-09,111679.09677419355
ニュー速VIP,2021-10,106173.90322580645
ニュー速VIP,2021-11,106956.5
ニュー速VIP,2021-12,103526.58064516129
ニュー速VIP,2022-01,107375.67741935483
ニュー速VIP,2022-02,109785.07142857143
ニュー速VIP,2022-03,110561.6129032258
ニュー速VIP,2022-04,97256.0
ニュー速VIP,2022-05,97338.74193548386
ニュー速VIP,2022-06,88781.16666666667
ニュー速VIP,2022-07,108926.19354838709
ニュー速VIP,2022-08,100757.09677419355
ニュー速VIP,2022-09,107071.86666666667
ニュー速VIP,2022-10,101301.2258064516
ニュー速VIP,2022-11,88822.46666666666
ニュー速VIP,2022-12,103304.41935483871
ニュー速VIP,2023-01,94193.51612903226
ニュー速VIP,2023-02,80101.39285714286
ニュー速VIP,2023-03,85462.35483870968
ニュー速VIP,2023-04,74095.7
ニュー速VIP,2023-05,96899.80645161291
ニュー速VIP,2023-06,73281.26666666666
ニュー速VIP,2023-07,71461.70967741935
ニュー速VIP,2023-08,83115.64516129032
ニュー速VIP,2023-09,75344.16666666667
ニュー速VIP,2023-10,70807.03225806452
ニュー速VIP,2023-11,68575.6
ニュー速VIP,2023-12,67793.80645161291
ニュー速VIP,2024-01,82565.93548387097
ニュー速VIP,2024-02,68274.79310344828
ニュー速VIP,2024-03,71024.1875
ニュー速VIP,2024-04,65796.26666666666
ニュー速VIP,2024-05,64558.12903225807
ニュー速VIP,2024-06,66110.56666666667
ニュー速VIP,2024-07,67810.42307692308
番組ch(NHK),2008-07,37275.14705882353
番組ch(NHK),2008-08,79996.29032258065
番組ch(NHK),2008-09,40498.166666666664
番組ch(NHK),2008-10,43050.16129032258
番組ch(NHK),2008-11,41899.23333333333
番組ch(NHK),2008-12,43252.83870967742
番組ch(NHK),2009-01,48235.45161290323
番組ch(NHK),2009-02,39157.71428571428
番組ch(NHK),2009-03,37186.12903225807
番組ch(NHK),2009-04,39107.166666666664
番組ch(NHK),2009-05,44888.54838709677
番組ch(NHK),2009-06,41288.46666666667
番組ch(NHK),2009-07,44057.032258064515
番組ch(NHK),2009-08,53845.22580645161
番組ch(NHK),2009-09,45035.566666666666
番組ch(NHK),2009-10,44127.6129032258
番組ch(NHK),2009-11,42965.13333333333
番組ch(NHK),2009-12,45775.41935483871
番組ch(NHK),2010-01,43815.06451612903
番組ch(NHK),2010-02,71150.75
番組ch(NHK),2010-03,47217.933333333334
番組ch(NHK),2010-04,35368.3
番組ch(NHK),2010-05,38323.645161290326
番組ch(NHK),2010-06,67000.03333333334
番組ch(NHK),2010-07,42164.83870967742
番組ch(NHK),2010-08,46025.51612903226
番組ch(NHK),2010-09,36230.28571428572
番組ch(NHK),2010-10,40532.709677419356
番組ch(NHK),2010-11,47550.23333333333
番組ch(NHK),2010-12,39543.74193548387
番組ch(NHK),2011-01,39430.903225806454
番組ch(NHK),2011-02,48427.82142857143
番組ch(NHK),2011-03,107755.0
番組ch(NHK),2011-04,76185.63333333333
番組ch(NHK),2011-05,59689.709677419356
番組ch(NHK),2011-06,59845.3
番組ch(NHK),2011-07,58099.22580645161
番組ch(NHK),2011-08,56109.645161290326
番組ch(NHK),2011-09,57686.73333333333
番組ch(NHK),2011-10,45684.1935483871
番組ch(NHK),2011-11,50604.833333333336
番組ch(NHK),2011-12,53634.645161290326
番組ch(NHK),2012-01,51502.8064516129
番組ch(NHK),2012-02,50702.724137931036
番組ch(NHK),2012-03,52640.93548387097
番組ch(NHK),2012-04,47273.53333333333
番組ch(NHK),2012-05,50749.096774193546
番組ch(NHK),2012-06,49784.4
番組ch(NHK),2012-07,69959.87096774194
番組ch(NHK),2012-08,84607.16129032258
番組ch(NHK),2012-09,49646.23333333333
番組ch(NHK),2012-10,44784.645161290326
番組ch(NHK),2012-11,47206.333333333336
番組ch(NHK),2012-12,52990.93548387097
番組ch(NHK),2013-01,49309.48387096774
番組ch(NHK),2013-02,48421.42857142857
番組ch(NHK),2013-03,44600.93548387097
番組ch(NHK),2013-04,40419.933333333334
番組ch(NHK),2013-05,30541.83870967742
番組ch(NHK),2013-06,38207.26666666667
番組ch(NHK),2013-07,38875.3870967742
番組ch(NHK),2013-08,44789.93548387097
番組ch(NHK),2013-09,57139.23333333333
番組ch(NHK),2013-10,47529.032258064515
番組ch(NHK),2013-11,46700.1
番組ch(NHK),2013-12,46879.6129032258
番組ch(NHK),2014-01,46515.645161290326
番組ch(NHK),2014-02,75812.78571428571
番組ch(NHK),2014-03,46880.096774193546
番組ch(NHK),2014-04,47132.76666666667
番組ch(NHK),2014-05,47204.0
番組ch(NHK),2014-06,66755.16666666667
番組ch(NHK),2014-07,53586.53571428572
番組ch(NHK),2014-08,38942.96296296296
番組ch(NHK),2014-09,52567.0
番組ch(NHK),2014-10,48927.48387096774
番組ch(NHK),2014-11,51417.566666666666
番組ch(NHK),2014-12,45922.0
番組ch(NHK),2015-01,47182.32258064516
番組ch(NHK),2015-02,49072.46428571428
番組ch(NHK),2015-03,46982.75
番組ch(NHK),2015-04,44229.933333333334
番組ch(NHK),2015-05,51259.77419354839
番組ch(NHK),2015-06,47344.26666666667
番組ch(NHK),2015-07,50441.032258064515
番組ch(NHK),2015-08,61619.77419354839
番組ch(NHK),2015-09,57953.46666666667
番組ch(NHK),2015-10,46125.22580645161
番組ch(NHK),2015-11,50190.3
番組ch(NHK),2015-12,51563.74193548387
番組ch(NHK),2016-01,55768.290322580644
番組ch(NHK),2016-02,52517.379310344826
番組ch(NHK),2016-03,57536.77419354839
番組ch(NHK),2016-04,63415.166666666664
番組ch(NHK),2016-05,57276.25806451613
番組ch(NHK),2016-06,54037.8
番組ch(NHK),2016-07,56322.83870967742
番組ch(NHK),2016-08,95402.35483870968
番組ch(NHK),2016-09,53583.86666666667
番組ch(NHK),2016-10,48670.16129032258
番組ch(NHK),2016-11,54138.36666666667
番組ch(NHK),2016-12,57054.354838709674
番組ch(NHK),2017-01,55256.93548387097
番組ch(NHK),2017-02,49145.57142857143
番組ch(NHK),2017-03,52857.1935483871
番組ch(NHK),2017-04,48282.833333333336
番組ch(NHK),2017-05,48464.32258064516
番組ch(NHK),2017-06,47638.0
番組ch(NHK),2017-07,53115.096774193546
番組ch(NHK),2017-08,57233.354838709674
番組ch(NHK),2017-09,51326.8
番組ch(NHK),2017-10,45538.45161290323
番組ch(NHK),2017-11,49279.0
番組ch(NHK),2017-12,51024.06451612903
番組ch(NHK),2018-01,51775.8064516129
番組ch(NHK),2018-02,78761.75
番組ch(NHK),2018-03,47701.933333333334
番組ch(NHK),2018-04,48747.666666666664
番組ch(NHK),2018-05,50150.77419354839
番組ch(NHK),2018-06,66954.33333333333
番組ch(NHK),2018-07,65869.54838709677
番組ch(NHK),2018-08,63352.45161290323
番組ch(NHK),2018-09,59110.333333333336
番組ch(NHK),2018-10,49076.41935483871
番組ch(NHK),2018-11,50008.53333333333
番組ch(NHK),2018-12,52515.6129032258
番組ch(NHK),2019-01,56989.67741935484
番組ch(NHK),2019-02,51596.0
番組ch(NHK),2019-03,54766.32258064516
番組ch(NHK),2019-04,57017.666666666664
番組ch(NHK),2019-05,55610.83870967742
番組ch(NHK),2019-06,51968.86666666667
番組ch(NHK),2019-07,57978.32258064516
番組ch(NHK),2019-08,63229.16129032258
番組ch(NHK),2019-09,54456.2
番組ch(NHK),2019-10,57383.8064516129
番組ch(NHK),2019-11,47931.76666666667
番組ch(NHK),2019-12,51687.3870967742
番組ch(NHK),2020-01,52113.1935483871
番組ch(NHK),2020-02,54930.34482758621
番組ch(NHK),2020-03,62578.12903225807
番組ch(NHK),2020-04,65065.53333333333
番組ch(NHK),2020-05,60399.1935483871
番組ch(NHK),2020-06,49727.03333333333
番組ch(NHK),2020-07,50041.25806451613
番組ch(NHK),2020-08,52339.032258064515
番組ch(NHK),2020-09,47760.53333333333
番組ch(NHK),2020-10,43575.096774193546
番組ch(NHK),2020-11,48030.833333333336
番組ch(NHK),2020-12,52175.709677419356
番組ch(NHK),2021-01,51297.709677419356
番組ch(NHK),2021-02,47287.357142857145
番組ch(NHK),2021-03,46991.354838709674
番組ch(NHK),2021-04,44038.96666666667
番組ch(NHK),2021-05,47181.16129032258
番組ch(NHK),2021-06,43622.63333333333
番組ch(NHK),2021-07,70081.6129032258
番組ch(NHK),2021-08,71852.96774193548
番組ch(NHK),2021-09,45145.77419354839
番組ch(NHK),2021-10,45376.6129032258
番組ch(NHK),2021-11,44357.333333333336
番組ch(NHK),2021-12,49110.06451612903
番組ch(NHK),2022-01,46893.83870967742
番組ch(NHK),2022-02,64786.46428571428
番組ch(NHK),2022-03,49328.48387096774
番組ch(NHK),2022-04,49230.5
番組ch(NHK),2022-05,47415.903225806454
番組ch(NHK),2022-06,41466.13333333333
番組ch(NHK),2022-07,47872.06451612903
番組ch(NHK),2022-08,49828.032258064515
番組ch(NHK),2022-09,44583.23333333333
番組ch(NHK),2022-10,40766.77419354839
番組ch(NHK),2022-11,47769.2
番組ch(NHK),2022-12,51092.67741935484
番組ch(NHK),2023-01,45836.87096774193
番組ch(NHK),2023-02,47079.32142857143
番組ch(NHK),2023-03,42252.67741935484
番組ch(NHK),2023-04,40510.9
番組ch(NHK),2023-05,43306.93548387097
番組ch(NHK),2023-06,39453.73333333333
番組ch(NHK),2023-07,35627.3870967742
番組ch(NHK),2023-08,47040.58064516129
番組ch(NHK),2023-09,41160.666666666664
番組ch(NHK),2023-10,36303.67741935484
番組ch(NHK),2023-11,38358.63333333333
番組ch(NHK),2023-12,47567.1935483871
番組ch(NHK),2024-01,51928.67741935484
番組ch(NHK),2024-02,42530.06896551724
番組ch(NHK),2024-03,45237.28125
番組ch(NHK),2024-04,46535.76666666667
番組ch(NHK),2024-05,46998.58064516129
番組ch(NHK),2024-06,46350.76666666667
番組ch(NHK),2024-07,49111.346153846156
番組ch(TBS),2008-07,36032.17647058824
番組ch(TBS),2008-08,41230.6129032258
番組ch(TBS),2008-09,40153.066666666666
番組ch(TBS),2008-10,42425.54838709677
番組ch(TBS),2008-11,39375.73333333333
番組ch(TBS),2008-12,43912.54838709677
番組ch(TBS),2009-01,40110.709677419356
番組ch(TBS),2009-02,33864.67857142857
番組ch(TBS),2009-03,49917.290322580644
番組ch(TBS),2009-04,35668.6
番組ch(TBS),2009-05,34263.25806451613
番組ch(TBS),2009-06,28741.1
番組ch(TBS),2009-07,30718.129032258064
番組ch(TBS),2009-08,47479.87096774193
番組ch(TBS),2009-09,38007.5
番組ch(TBS),2009-10,39279.67741935484
番組ch(TBS),2009-11,30455.7
番組ch(TBS),2009-12,35839.1935483871
番組ch(TBS),2010-01,29202.064516129034
番組ch(TBS),2010-02,24392.75
番組ch(TBS),2010-03,28258.2
番組ch(TBS),2010-04,27870.7
番組ch(TBS),2010-05,26556.354838709678
番組ch(TBS),2010-06,46920.36666666667
番組ch(TBS),2010-07,28318.032258064515
番組ch(TBS),2010-08,22526.58064516129
番組ch(TBS),2010-09,30227.178571428572
番組ch(TBS),2010-10,32108.709677419356
番組ch(TBS),2010-11,28362.833333333332
番組ch(TBS),2010-12,30426.225806451614
番組ch(TBS),2011-01,29060.064516129034
番組ch(TBS),2011-02,30882.535714285714
番組ch(TBS),2011-03,36140.74193548387
番組ch(TBS),2011-04,40209.03333333333
番組ch(TBS),2011-05,34533.354838709674
番組ch(TBS),2011-06,35518.13333333333
番組ch(TBS),2011-07,38097.903225806454
番組ch(TBS),2011-08,37849.6129032258
番組ch(TBS),2011-09,39094.86666666667
番組ch(TBS),2011-10,41781.032258064515
番組ch(TBS),2011-11,35167.1
番組ch(TBS),2011-12,37688.32258064516
番組ch(TBS),2012-01,35210.12903225807
番組ch(TBS),2012-02,30724.344827586207
番組ch(TBS),2012-03,34604.8064516129
番組ch(TBS),2012-04,30635.5
番組ch(TBS),2012-05,29295.90322580645
番組ch(TBS),2012-06,34902.8
番組ch(TBS),2012-07,34587.6129032258
番組ch(TBS),2012-08,34000.16129032258
番組ch(TBS),2012-09,31100.6
番組ch(TBS),2012-10,28984.41935483871
番組ch(TBS),2012-11,26199.333333333332
番組ch(TBS),2012-12,32199.612903225807
番組ch(TBS),2013-01,32888.709677419356
番組ch(TBS),2013-02,28396.285714285714
番組ch(TBS),2013-03,37079.16129032258
番組ch(TBS),2013-04,24321.766666666666
番組ch(TBS),2013-05,17587.451612903227
番組ch(TBS),2013-06,24152.233333333334
番組ch(TBS),2013-07,21649.387096774193
番組ch(TBS),2013-08,28937.516129032258
番組ch(TBS),2013-09,37532.73333333333
番組ch(TBS),2013-10,34550.87096774193
番組ch(TBS),2013-11,30468.466666666667
番組ch(TBS),2013-12,26976.74193548387
番組ch(TBS),2014-01,26755.322580645163
番組ch(TBS),2014-02,26775.821428571428
番組ch(TBS),2014-03,26519.774193548386
番組ch(TBS),2014-04,27417.433333333334
番組ch(TBS),2014-05,26044.78125
番組ch(TBS),2014-06,30182.2
番組ch(TBS),2014-07,31402.37037037037
番組ch(TBS),2014-08,20053.037037037036
番組ch(TBS),2014-09,30511.633333333335
番組ch(TBS),2014-10,34099.25806451613
番組ch(TBS),2014-11,27488.933333333334
番組ch(TBS),2014-12,23531.722222222223
番組ch(TBS),2015-01,25921.09677419355
番組ch(TBS),2015-02,27772.428571428572
番組ch(TBS),2015-03,26732.84375
番組ch(TBS),2015-04,29749.733333333334
番組ch(TBS),2015-05,27842.41935483871
番組ch(TBS),2015-06,29647.9
番組ch(TBS),2015-07,28252.064516129034
番組ch(TBS),2015-08,34129.645161290326
番組ch(TBS),2015-09,28840.866666666665
番組ch(TBS),2015-10,31389.90322580645
番組ch(TBS),2015-11,32977.5
番組ch(TBS),2015-12,32338.451612903227
番組ch(TBS),2016-01,30948.870967741936
番組ch(TBS),2016-02,28302.172413793105
番組ch(TBS),2016-03,29018.09677419355
番組ch(TBS),2016-04,32243.966666666667
番組ch(TBS),2016-05,32968.645161290326
番組ch(TBS),2016-06,31146.6
番組ch(TBS),2016-07,31640.612903225807
番組ch(TBS),2016-08,31194.709677419356
番組ch(TBS),2016-09,28867.2
番組ch(TBS),2016-10,37838.25806451613
番組ch(TBS),2016-11,31997.6
番組ch(TBS),2016-12,36568.93548387097
番組ch(TBS),2017-01,34959.12903225807
番組ch(TBS),2017-02,32166.678571428572
番組ch(TBS),2017-03,37112.48387096774
番組ch(TBS),2017-04,31558.7
番組ch(TBS),2017-05,30782.225806451614
番組ch(TBS),2017-06,30724.6
番組ch(TBS),2017-07,33246.87096774193
番組ch(TBS),2017-08,31867.451612903227
番組ch(TBS),2017-09,27236.166666666668
番組ch(TBS),2017-10,36714.3870967742
番組ch(TBS),2017-11,28754.033333333333
番組ch(TBS),2017-12,32705.548387096773
番組ch(TBS),2018-01,31639.516129032258
番組ch(TBS),2018-02,29295.071428571428
番組ch(TBS),2018-03,29436.533333333333
番組ch(TBS),2018-04,32480.7
番組ch(TBS),2018-05,29987.290322580644
番組ch(TBS),2018-06,29370.466666666667
番組ch(TBS),2018-07,37541.096774193546
番組ch(TBS),2018-08,29536.322580645163
番組ch(TBS),2018-09,32942.23333333333
番組ch(TBS),2018-10,32434.548387096773
番組ch(TBS),2018-11,29253.133333333335
番組ch(TBS),2018-12,34407.06451612903
番組ch(TBS),2019-01,31827.354838709678
番組ch(TBS),2019-02,31679.5
番組ch(TBS),2019-03,29160.612903225807
番組ch(TBS),2019-04,29697.5
番組ch(TBS),2019-05,29500.354838709678
番組ch(TBS),2019-06,31239.233333333334
番組ch(TBS),2019-07,36106.1935483871
番組ch(TBS),2019-08,32311.83870967742
番組ch(TBS),2019-09,33300.066666666666
番組ch(TBS),2019-10,32948.645161290326
番組ch(TBS),2019-11,30046.533333333333
番組ch(TBS),2019-12,33075.032258064515
番組ch(TBS),2020-01,31717.645161290322
番組ch(TBS),2020-02,37630.58620689655
番組ch(TBS),2020-03,39488.16129032258
番組ch(TBS),2020-04,43920.4
番組ch(TBS),2020-05,37296.096774193546
番組ch(TBS),2020-06,30899.0
番組ch(TBS),2020-07,36381.51612903226
番組ch(TBS),2020-08,37247.096774193546
番組ch(TBS),2020-09,35850.9
番組ch(TBS),2020-10,34160.06451612903
番組ch(TBS),2020-11,30335.733333333334
番組ch(TBS),2020-12,34879.032258064515
番組ch(TBS),2021-01,37587.8064516129
番組ch(TBS),2021-02,32842.107142857145
番組ch(TBS),2021-03,32995.1935483871
番組ch(TBS),2021-04,32424.566666666666
番組ch(TBS),2021-05,30535.387096774193
番組ch(TBS),2021-06,28182.566666666666
番組ch(TBS),2021-07,32385.354838709678
番組ch(TBS),2021-08,29414.774193548386
番組ch(TBS),2021-09,26710.74193548387
番組ch(TBS),2021-10,25990.290322580644
番組ch(TBS),2021-11,26576.333333333332
番組ch(TBS),2021-12,29540.83870967742
番組ch(TBS),2022-01,28857.548387096773
番組ch(TBS),2022-02,27955.25
番組ch(TBS),2022-03,27175.09677419355
番組ch(TBS),2022-04,27268.2
番組ch(TBS),2022-05,28876.451612903227
番組ch(TBS),2022-06,28514.166666666668
番組ch(TBS),2022-07,35856.290322580644
番組ch(TBS),2022-08,25661.935483870966
番組ch(TBS),2022-09,25672.633333333335
番組ch(TBS),2022-10,29654.483870967742
番組ch(TBS),2022-11,26025.5
番組ch(TBS),2022-12,27145.0
番組ch(TBS),2023-01,28671.935483870966
番組ch(TBS),2023-02,31591.428571428572
番組ch(TBS),2023-03,35696.22580645161
番組ch(TBS),2023-04,25568.666666666668
番組ch(TBS),2023-05,25339.709677419356
番組ch(TBS),2023-06,23481.766666666666
番組ch(TBS),2023-07,22265.09677419355
番組ch(TBS),2023-08,29021.90322580645
番組ch(TBS),2023-09,27531.6
番組ch(TBS),2023-10,25943.322580645163
番組ch(TBS),2023-11,23821.433333333334
番組ch(TBS),2023-12,27944.0
番組ch(TBS),2024-01,27974.677419354837
番組ch(TBS),2024-02,25531.48275862069
番組ch(TBS),2024-03,27138.8125
番組ch(TBS),2024-04,25591.766666666666
番組ch(TBS),2024-05,24858.290322580644
番組ch(TBS),2024-06,25380.6
番組ch(TBS),2024-07,27536.576923076922
番組ch(フジ),2008-07,76183.20588235294
番組ch(フジ),2008-08,60136.032258064515
番組ch(フジ),2008-09,60626.933333333334
番組ch(フジ),2008-10,64248.22580645161
番組ch(フジ),2008-11,60671.933333333334
番組ch(フジ),2008-12,63410.93548387097
番組ch(フジ),2009-01,66127.7741935484
番組ch(フジ),2009-02,57962.392857142855
番組ch(フジ),2009-03,54165.16129032258
番組ch(フジ),2009-04,60618.26666666667
番組ch(フジ),2009-05,58710.93548387097
番組ch(フジ),2009-06,60211.13333333333
番組ch(フジ),2009-07,69809.58064516129
番組ch(フジ),2009-08,61852.6129032258
番組ch(フジ),2009-09,62963.9
番組ch(フジ),2009-10,64254.12903225807
番組ch(フジ),2009-11,52651.0
番組ch(フジ),2009-12,62714.096774193546
番組ch(フジ),2010-01,48802.354838709674
番組ch(フジ),2010-02,49136.32142857143
番組ch(フジ),2010-03,52886.13333333333
番組ch(フジ),2010-04,42096.166666666664
番組ch(フジ),2010-05,38784.096774193546
番組ch(フジ),2010-06,56713.76666666667
番組ch(フジ),2010-07,47707.6129032258
番組ch(フジ),2010-08,38437.22580645161
番組ch(フジ),2010-09,38039.21428571428
番組ch(フジ),2010-10,58415.48387096774
番組ch(フジ),2010-11,51251.53333333333
番組ch(フジ),2010-12,47279.645161290326
番組ch(フジ),2011-01,48059.6129032258
番組ch(フジ),2011-02,55785.5
番組ch(フジ),2011-03,66054.06451612903
番組ch(フジ),2011-04,53735.2
番組ch(フジ),2011-05,53986.8064516129
番組ch(フジ),2011-06,54434.3
番組ch(フジ),2011-07,72359.03225806452
番組ch(フジ),2011-08,47602.32258064516
番組ch(フジ),2011-09,48453.333333333336
番組ch(フジ),2011-10,57970.16129032258
番組ch(フジ),2011-11,42582.566666666666
番組ch(フジ),2011-12,49589.74193548387
番組ch(フジ),2012-01,48338.354838709674
番組ch(フジ),2012-02,38892.379310344826
番組ch(フジ),2012-03,43833.48387096774
番組ch(フジ),2012-04,42735.433333333334
番組ch(フジ),2012-05,45939.83870967742
番組ch(フジ),2012-06,40802.63333333333
番組ch(フジ),2012-07,53496.51612903226
番組ch(フジ),2012-08,47287.77419354839
番組ch(フジ),2012-09,43427.066666666666
番組ch(フジ),2012-10,48396.967741935485
番組ch(フジ),2012-11,39200.36666666667
番組ch(フジ),2012-12,44954.1935483871
番組ch(フジ),2013-01,36818.645161290326
番組ch(フジ),2013-02,34092.142857142855
番組ch(フジ),2013-03,33601.967741935485
番組ch(フジ),2013-04,32876.86666666667
番組ch(フジ),2013-05,22608.322580645163
番組ch(フジ),2013-06,34484.46666666667
番組ch(フジ),2013-07,30913.645161290322
番組ch(フジ),2013-08,32108.935483870966
番組ch(フジ),2013-09,37435.666666666664
番組ch(フジ),2013-10,44597.645161290326
番組ch(フジ),2013-11,39919.333333333336
番組ch(フジ),2013-12,36225.967741935485
番組ch(フジ),2014-01,34387.87096774193
番組ch(フジ),2014-02,33394.17857142857
番組ch(フジ),2014-03,45455.45161290323
番組ch(フジ),2014-04,37686.666666666664
番組ch(フジ),2014-05,32420.6875
番組ch(フジ),2014-06,40292.86666666667
番組ch(フジ),2014-07,38274.607142857145
番組ch(フジ),2014-08,24924.714285714286
番組ch(フジ),2014-09,35312.73333333333
番組ch(フジ),2014-10,38837.16129032258
番組ch(フジ),2014-11,37613.2
番組ch(フジ),2014-12,40722.77777777778
番組ch(フジ),2015-01,31647.41935483871
番組ch(フジ),2015-02,35289.75
番組ch(フジ),2015-03,34553.90625
番組ch(フジ),2015-04,35283.433333333334
番組ch(フジ),2015-05,33267.87096774193
番組ch(フジ),2015-06,37697.96666666667
番組ch(フジ),2015-07,44848.645161290326
番組ch(フジ),2015-08,35848.93548387097
番組ch(フジ),2015-09,36117.46666666667
番組ch(フジ),2015-10,34243.83870967742
番組ch(フジ),2015-11,34166.066666666666
番組ch(フジ),2015-12,37917.48387096774
番組ch(フジ),2016-01,38442.032258064515
番組ch(フジ),2016-02,36833.206896551725
番組ch(フジ),2016-03,40811.83870967742
番組ch(フジ),2016-04,39849.4
番組ch(フジ),2016-05,41110.709677419356
番組ch(フジ),2016-06,37481.2
番組ch(フジ),2016-07,41813.645161290326
番組ch(フジ),2016-08,36236.74193548387
番組ch(フジ),2016-09,34829.333333333336
番組ch(フジ),2016-10,35986.903225806454
番組ch(フジ),2016-11,33423.2
番組ch(フジ),2016-12,43565.1935483871
番組ch(フジ),2017-01,36036.54838709677
番組ch(フジ),2017-02,35206.46428571428
番組ch(フジ),2017-03,36455.58064516129
番組ch(フジ),2017-04,36314.03333333333
番組ch(フジ),2017-05,33396.74193548387
番組ch(フジ),2017-06,37747.86666666667
番組ch(フジ),2017-07,38057.6129032258
番組ch(フジ),2017-08,35154.709677419356
番組ch(フジ),2017-09,36513.63333333333
番組ch(フジ),2017-10,37409.48387096774
番組ch(フジ),2017-11,34866.4
番組ch(フジ),2017-12,41086.354838709674
番組ch(フジ),2018-01,33791.87096774193
番組ch(フジ),2018-02,32783.71428571428
番組ch(フジ),2018-03,36704.5
番組ch(フジ),2018-04,40690.46666666667
番組ch(フジ),2018-05,38565.93548387097
番組ch(フジ),2018-06,39388.36666666667
番組ch(フジ),2018-07,34769.06451612903
番組ch(フジ),2018-08,33289.83870967742
番組ch(フジ),2018-09,40261.066666666666
番組ch(フジ),2018-10,33340.87096774193
番組ch(フジ),2018-11,35355.53333333333
番組ch(フジ),2018-12,38268.709677419356
番組ch(フジ),2019-01,35854.54838709677
番組ch(フジ),2019-02,35632.21428571428
番組ch(フジ),2019-03,35669.45161290323
番組ch(フジ),2019-04,34278.53333333333
番組ch(フジ),2019-05,36361.12903225807
番組ch(フジ),2019-06,39556.53333333333
番組ch(フジ),2019-07,41260.32258064516
番組ch(フジ),2019-08,35249.54838709677
番組ch(フジ),2019-09,37728.066666666666
番組ch(フジ),2019-10,35216.1935483871
番組ch(フジ),2019-11,40404.76666666667
番組ch(フジ),2019-12,38885.032258064515
番組ch(フジ),2020-01,34030.967741935485
番組ch(フジ),2020-02,35803.68965517241
番組ch(フジ),2020-03,38568.54838709677
番組ch(フジ),2020-04,41668.63333333333
番組ch(フジ),2020-05,35036.41935483871
番組ch(フジ),2020-06,33638.13333333333
番組ch(フジ),2020-07,34404.16129032258
番組ch(フジ),2020-08,33100.32258064516
番組ch(フジ),2020-09,30682.6
番組ch(フジ),2020-10,30581.516129032258
番組ch(フジ),2020-11,28932.8
番組ch(フジ),2020-12,33992.12903225807
番組ch(フジ),2021-01,31880.1935483871
番組ch(フジ),2021-02,26411.64285714286
番組ch(フジ),2021-03,23524.483870967742
番組ch(フジ),2021-04,23437.033333333333
番組ch(フジ),2021-05,25827.290322580644
番組ch(フジ),2021-06,26289.666666666668
番組ch(フジ),2021-07,26839.967741935485
番組ch(フジ),2021-08,20889.483870967742
番組ch(フジ),2021-09,26772.25806451613
番組ch(フジ),2021-10,25498.58064516129
番組ch(フジ),2021-11,25758.833333333332
番組ch(フジ),2021-12,26105.8064516129
番組ch(フジ),2022-01,25672.290322580644
番組ch(フジ),2022-02,24332.64285714286
番組ch(フジ),2022-03,21870.74193548387
番組ch(フジ),2022-04,21631.833333333332
番組ch(フジ),2022-05,22374.774193548386
番組ch(フジ),2022-06,20772.833333333332
番組ch(フジ),2022-07,24584.1935483871
番組ch(フジ),2022-08,17407.354838709678
番組ch(フジ),2022-09,19972.2
番組ch(フジ),2022-10,20326.0
番組ch(フジ),2022-11,19227.166666666668
番組ch(フジ),2022-12,26821.709677419356
番組ch(フジ),2023-01,21027.58064516129
番組ch(フジ),2023-02,20030.35714285714
番組ch(フジ),2023-03,19707.774193548386
番組ch(フジ),2023-04,23658.6
番組ch(フジ),2023-05,17394.129032258064
番組ch(フジ),2023-06,16124.0
番組ch(フジ),2023-07,18139.25806451613
番組ch(フジ),2023-08,18141.774193548386
番組ch(フジ),2023-09,21364.4
番組ch(フジ),2023-10,18863.16129032258
番組ch(フジ),2023-11,20058.166666666668
番組ch(フジ),2023-12,20513.387096774193
番組ch(フジ),2024-01,22630.387096774193
番組ch(フジ),2024-02,21519.48275862069
番組ch(フジ),2024-03,21155.09375
番組ch(フジ),2024-04,20474.633333333335
番組ch(フジ),2024-05,22768.09677419355
番組ch(フジ),2024-06,24910.5
番組ch(フジ),2024-07,24372.73076923077
番組ch(朝日),2008-07,32696.41176470588
番組ch(朝日),2008-08,40186.48387096774
番組ch(朝日),2008-09,41054.833333333336
番組ch(朝日),2008-10,43061.0
番組ch(朝日),2008-11,42920.333333333336
番組ch(朝日),2008-12,46521.41935483871
番組ch(朝日),2009-01,52685.22580645161
番組ch(朝日),2009-02,48097.32142857143
番組ch(朝日),2009-03,46704.3870967742
番組ch(朝日),2009-04,42186.03333333333
番組ch(朝日),2009-05,42213.967741935485
番組ch(朝日),2009-06,43636.566666666666
番組ch(朝日),2009-07,41823.45161290323
番組ch(朝日),2009-08,44704.22580645161
番組ch(朝日),2009-09,50763.066666666666
番組ch(朝日),2009-10,43277.74193548387
番組ch(朝日),2009-11,36449.86666666667
番組ch(朝日),2009-12,44687.51612903226
番組ch(朝日),2010-01,39156.93548387097
番組ch(朝日),2010-02,38754.42857142857
番組ch(朝日),2010-03,39536.7
番組ch(朝日),2010-04,35914.23333333333
番組ch(朝日),2010-05,39823.22580645161
番組ch(朝日),2010-06,46648.6
番組ch(朝日),2010-07,33044.93548387097
番組ch(朝日),2010-08,29487.90322580645
番組ch(朝日),2010-09,34907.5
番組ch(朝日),2010-10,39118.0
番組ch(朝日),2010-11,39314.26666666667
番組ch(朝日),2010-12,38758.032258064515
番組ch(朝日),2011-01,50446.6129032258
番組ch(朝日),2011-02,48072.42857142857
番組ch(朝日),2011-03,47893.3870967742
番組ch(朝日),2011-04,47985.166666666664
番組ch(朝日),2011-05,46281.290322580644
番組ch(朝日),2011-06,44781.73333333333
番組ch(朝日),2011-07,42079.354838709674
番組ch(朝日),2011-08,40942.22580645161
番組ch(朝日),2011-09,42651.23333333333
番組ch(朝日),2011-10,51704.096774193546
番組ch(朝日),2011-11,42999.066666666666
番組ch(朝日),2011-12,41766.709677419356
番組ch(朝日),2012-01,50753.32258064516
番組ch(朝日),2012-02,44097.75862068965
番組ch(朝日),2012-03,43320.096774193546
番組ch(朝日),2012-04,42439.76666666667
番組ch(朝日),2012-05,44086.41935483871
番組ch(朝日),2012-06,47367.4
番組ch(朝日),2012-07,38552.032258064515
番組ch(朝日),2012-08,37550.12903225807
番組ch(朝日),2012-09,44020.666666666664
番組ch(朝日),2012-10,39297.48387096774
番組ch(朝日),2012-11,38844.566666666666
番組ch(朝日),2012-12,42940.8064516129
番組ch(朝日),2013-01,43328.903225806454
番組ch(朝日),2013-02,39858.78571428572
番組ch(朝日),2013-03,47643.22580645161
番組ch(朝日),2013-04,29491.433333333334
番組ch(朝日),2013-05,22571.032258064515
番組ch(朝日),2013-06,31824.4
番組ch(朝日),2013-07,26225.225806451614
番組ch(朝日),2013-08,28769.774193548386
番組ch(朝日),2013-09,41027.566666666666
番組ch(朝日),2013-10,37535.51612903226
番組ch(朝日),2013-11,42247.76666666667
番組ch(朝日),2013-12,33762.45161290323
番組ch(朝日),2014-01,41255.93548387097
番組ch(朝日),2014-02,36274.107142857145
番組ch(朝日),2014-03,37143.32258064516
番組ch(朝日),2014-04,35526.566666666666
番組ch(朝日),2014-05,37967.625
番組ch(朝日),2014-06,40827.833333333336
番組ch(朝日),2014-07,31660.58620689655
番組ch(朝日),2014-08,24026.25
番組ch(朝日),2014-09,39673.76666666667
番組ch(朝日),2014-10,35510.16129032258
番組ch(朝日),2014-11,40325.23333333333
番組ch(朝日),2014-12,35156.444444444445
番組ch(朝日),2015-01,36557.8064516129
番組ch(朝日),2015-02,40485.892857142855
番組ch(朝日),2015-03,34807.125
番組ch(朝日),2015-04,33844.433333333334
番組ch(朝日),2015-05,33698.0
番組ch(朝日),2015-06,35561.433333333334
番組ch(朝日),2015-07,34343.032258064515
番組ch(朝日),2015-08,35497.32258064516
番組ch(朝日),2015-09,41604.3
番組ch(朝日),2015-10,33355.3870967742
番組ch(朝日),2015-11,37136.96666666667
番組ch(朝日),2015-12,36338.6129032258
番組ch(朝日),2016-01,43480.096774193546
番組ch(朝日),2016-02,38717.51724137931
番組ch(朝日),2016-03,40403.903225806454
番組ch(朝日),2016-04,37041.76666666667
番組ch(朝日),2016-05,36892.93548387097
番組ch(朝日),2016-06,40331.9
番組ch(朝日),2016-07,36804.6129032258
番組ch(朝日),2016-08,38617.54838709677
番組ch(朝日),2016-09,42419.76666666667
番組ch(朝日),2016-10,40693.1935483871
番組ch(朝日),2016-11,39797.433333333334
番組ch(朝日),2016-12,43040.12903225807
番組ch(朝日),2017-01,44308.3870967742
番組ch(朝日),2017-02,41213.78571428572
番組ch(朝日),2017-03,48358.77419354839
番組ch(朝日),2017-04,38551.5
番組ch(朝日),2017-05,36485.74193548387
番組ch(朝日),2017-06,38125.833333333336
番組ch(朝日),2017-07,34325.25806451613
番組ch(朝日),2017-08,32350.25806451613
番組ch(朝日),2017-09,37388.4
番組ch(朝日),2017-10,40410.12903225807
番組ch(朝日),2017-11,40469.26666666667
番組ch(朝日),2017-12,38583.67741935484
番組ch(朝日),2018-01,42264.58064516129
番組ch(朝日),2018-02,38767.32142857143
番組ch(朝日),2018-03,36566.63333333333
番組ch(朝日),2018-04,36988.86666666667
番組ch(朝日),2018-05,38759.032258064515
番組ch(朝日),2018-06,35031.76666666667
番組ch(朝日),2018-07,37043.58064516129
番組ch(朝日),2018-08,36337.3870967742
番組ch(朝日),2018-09,41586.566666666666
番組ch(朝日),2018-10,37565.06451612903
番組ch(朝日),2018-11,36964.5
番組ch(朝日),2018-12,38206.709677419356
番組ch(朝日),2019-01,44070.645161290326
番組ch(朝日),2019-02,39109.75
番組ch(朝日),2019-03,37356.032258064515
番組ch(朝日),2019-04,37145.96666666667
番組ch(朝日),2019-05,40209.41935483871
番組ch(朝日),2019-06,37886.96666666667
番組ch(朝日),2019-07,37259.45161290323
番組ch(朝日),2019-08,37937.25806451613
番組ch(朝日),2019-09,35316.2
番組ch(朝日),2019-10,37053.83870967742
番組ch(朝日),2019-11,34889.433333333334
番組ch(朝日),2019-12,37481.0
番組ch(朝日),2020-01,41272.16129032258
番組ch(朝日),2020-02,44729.0
番組ch(朝日),2020-03,48294.58064516129
番組ch(朝日),2020-04,50415.433333333334
番組ch(朝日),2020-05,41083.06451612903
番組ch(朝日),2020-06,35396.6
番組ch(朝日),2020-07,39004.32258064516
番組ch(朝日),2020-08,37840.06451612903
番組ch(朝日),2020-09,35559.166666666664
番組ch(朝日),2020-10,35512.3870967742
番組ch(朝日),2020-11,34947.933333333334
番組ch(朝日),2020-12,38045.903225806454
番組ch(朝日),2021-01,40631.77419354839
番組ch(朝日),2021-02,34799.0
番組ch(朝日),2021-03,33845.58064516129
番組ch(朝日),2021-04,34584.26666666667
番組ch(朝日),2021-05,33430.74193548387
番組ch(朝日),2021-06,31076.866666666665
番組ch(朝日),2021-07,33779.77419354839
番組ch(朝日),2021-08,35310.903225806454
番組ch(朝日),2021-09,32345.90322580645
番組ch(朝日),2021-10,33798.51612903226
番組ch(朝日),2021-11,31366.566666666666
番組ch(朝日),2021-12,33335.67741935484
番組ch(朝日),2022-01,32782.22580645161
番組ch(朝日),2022-02,32000.571428571428
番組ch(朝日),2022-03,31665.290322580644
番組ch(朝日),2022-04,28909.0
番組ch(朝日),2022-05,30688.064516129034
番組ch(朝日),2022-06,29003.666666666668
番組ch(朝日),2022-07,30728.129032258064
番組ch(朝日),2022-08,25341.129032258064
番組ch(朝日),2022-09,27692.066666666666
番組ch(朝日),2022-10,29210.645161290322
番組ch(朝日),2022-11,30030.8
番組ch(朝日),2022-12,29218.83870967742
番組ch(朝日),2023-01,31481.225806451614
番組ch(朝日),2023-02,26971.714285714286
番組ch(朝日),2023-03,36111.967741935485
番組ch(朝日),2023-04,23251.7
番組ch(朝日),2023-05,23768.516129032258
番組ch(朝日),2023-06,20461.8
番組ch(朝日),2023-07,19084.90322580645
番組ch(朝日),2023-08,25418.0
番組ch(朝日),2023-09,26408.2
番組ch(朝日),2023-10,24977.032258064515
番組ch(朝日),2023-11,25697.333333333332
番組ch(朝日),2023-12,28815.129032258064
番組ch(朝日),2024-01,31071.709677419356
番組ch(朝日),2024-02,29246.241379310344
番組ch(朝日),2024-03,29484.09375
番組ch(朝日),2024-04,27411.833333333332
番組ch(朝日),2024-05,26217.870967741936
番組ch(朝日),2024-06,29684.766666666666
番組ch(朝日),2024-07,28201.46153846154
芸スポ速報+,2008-07,35728.382352941175
芸スポ速報+,2008-08,54762.1935483871
芸スポ速報+,2008-09,41097.666666666664
芸スポ速報+,2008-10,43643.709677419356
芸スポ速報+,2008-11,48166.333333333336
芸スポ速報+,2008-12,43528.354838709674
芸スポ速報+,2009-01,42609.87096774193
芸スポ速報+,2009-02,44160.07142857143
芸スポ速報+,2009-03,52416.51612903226
芸スポ速報+,2009-04,57847.666666666664
芸スポ速報+,2009-05,44304.709677419356
芸スポ速報+,2009-06,51740.36666666667
芸スポ速報+,2009-07,46473.096774193546
芸スポ速報+,2009-08,67254.19354838709
芸スポ速報+,2009-09,56029.8
芸スポ速報+,2009-10,51518.93548387097
芸スポ速報+,2009-11,46035.2
芸スポ速報+,2009-12,47267.290322580644
芸スポ速報+,2010-01,29535.548387096773
芸スポ速報+,2010-02,44384.0
芸スポ速報+,2010-03,40340.066666666666
芸スポ速報+,2010-04,32064.533333333333
芸スポ速報+,2010-05,29124.064516129034
芸スポ速報+,2010-06,55754.7
芸スポ速報+,2010-07,38306.1935483871
芸スポ速報+,2010-08,24960.451612903227
芸スポ速報+,2010-09,24676.14285714286
芸スポ速報+,2010-10,39100.06451612903
芸スポ速報+,2010-11,37545.26666666667
芸スポ速報+,2010-12,31184.83870967742
芸スポ速報+,2011-01,23875.1935483871
芸スポ速報+,2011-02,46161.46428571428
芸スポ速報+,2011-03,44080.032258064515
芸スポ速報+,2011-04,39613.76666666667
芸スポ速報+,2011-05,45095.1935483871
芸スポ速報+,2011-06,47761.333333333336
芸スポ速報+,2011-07,71647.32258064517
芸スポ速報+,2011-08,68863.29032258065
芸スポ速報+,2011-09,56241.3
芸スポ速報+,2011-10,49695.032258064515
芸スポ速報+,2011-11,47702.066666666666
芸スポ速報+,2011-12,45847.16129032258
芸スポ速報+,2012-01,42740.32258064516
芸スポ速報+,2012-02,50907.31034482759
芸スポ速報+,2012-03,47383.709677419356
芸スポ速報+,2012-04,43325.03333333333
芸スポ速報+,2012-05,55178.83870967742
芸スポ速報+,2012-06,51270.066666666666
芸スポ速報+,2012-07,50155.16129032258
芸スポ速報+,2012-08,69748.74193548386
芸スポ速報+,2012-09,47348.73333333333
芸スポ速報+,2012-10,46345.25806451613
芸スポ速報+,2012-11,42427.03333333333
芸スポ速報+,2012-12,39518.903225806454
芸スポ速報+,2013-01,39861.22580645161
芸スポ速報+,2013-02,38768.82142857143
芸スポ速報+,2013-03,41824.06451612903
芸スポ速報+,2013-04,31649.933333333334
芸スポ速報+,2013-05,30099.129032258064
芸スポ速報+,2013-06,40728.63333333333
芸スポ速報+,2013-07,31067.774193548386
芸スポ速報+,2013-08,30253.612903225807
芸スポ速報+,2013-09,43198.933333333334
芸スポ速報+,2013-10,43077.2
芸スポ速報+,2013-11,38561.26666666667
芸スポ速報+,2013-12,28973.0
芸スポ速報+,2014-01,32261.0
芸スポ速報+,2014-02,39249.46428571428
芸スポ速報+,2014-03,30910.032258064515
芸スポ速報+,2014-04,29623.566666666666
芸スポ速報+,2014-05,40465.0
芸スポ速報+,2014-06,60786.833333333336
芸スポ速報+,2014-07,50677.77777777778
芸スポ速報+,2014-08,40186.708333333336
芸スポ速報+,2014-09,52378.76666666667
芸スポ速報+,2014-10,51311.032258064515
芸スポ速報+,2014-11,48182.066666666666
芸スポ速報+,2014-12,42426.22222222222
芸スポ速報+,2015-01,42768.58064516129
芸スポ速報+,2015-02,47198.96428571428
芸スポ速報+,2015-03,40695.8125
芸スポ速報+,2015-04,47932.13333333333
芸スポ速報+,2015-05,45258.967741935485
芸スポ速報+,2015-06,48513.23333333333
芸スポ速報+,2015-07,46068.22580645161
芸スポ速報+,2015-08,48701.3870967742
芸スポ速報+,2015-09,50438.63333333333
芸スポ速報+,2015-10,48936.290322580644
芸スポ速報+,2015-11,55111.86666666667
芸スポ速報+,2015-12,50952.06451612903
芸スポ速報+,2016-01,89153.32258064517
芸スポ速報+,2016-02,72094.41379310345
芸スポ速報+,2016-03,71071.87096774194
芸スポ速報+,2016-04,66431.03333333334
芸スポ速報+,2016-05,65090.096774193546
芸スポ速報+,2016-06,62269.73333333333
芸スポ速報+,2016-07,59848.12903225807
芸スポ速報+,2016-08,91367.1
芸スポ速報+,2016-09,77797.16666666667
芸スポ速報+,2016-10,72201.6129032258
芸スポ速報+,2016-11,65830.23333333334
芸スポ速報+,2016-12,74364.12903225806
芸スポ速報+,2017-01,68471.80645161291
芸スポ速報+,2017-02,69826.07142857143
芸スポ速報+,2017-03,59812.16129032258
芸スポ速報+,2017-04,54892.166666666664
芸スポ速報+,2017-05,58044.74193548387
芸スポ速報+,2017-06,68085.16666666667
芸スポ速報+,2017-07,65665.48387096774
芸スポ速報+,2017-08,66638.93548387097
芸スポ速報+,2017-09,68398.1
芸スポ速報+,2017-10,57402.12903225807
芸スポ速報+,2017-11,68360.23333333334
芸スポ速報+,2017-12,61764.354838709674
芸スポ速報+,2018-01,65526.51612903226
芸スポ速報+,2018-02,74450.71428571429
芸スポ速報+,2018-03,65326.23333333333
芸スポ速報+,2018-04,77802.63333333333
芸スポ速報+,2018-05,84014.06451612903
芸スポ速報+,2018-06,94124.7
芸スポ速報+,2018-07,77560.80645161291
芸スポ速報+,2018-08,69014.12903225806
芸スポ速報+,2018-09,84240.7
芸スポ速報+,2018-10,63216.83870967742
芸スポ速報+,2018-11,64024.86666666667
芸スポ速報+,2018-12,61193.096774193546
芸スポ速報+,2019-01,75501.16129032258
芸スポ速報+,2019-02,66963.0
芸スポ速報+,2019-03,68701.6129032258
芸スポ速報+,2019-04,67493.3
芸スポ速報+,2019-05,68587.87096774194
芸スポ速報+,2019-06,84839.33333333333
芸スポ速報+,2019-07,93983.54838709677
芸スポ速報+,2019-08,68072.41935483871
芸スポ速報+,2019-09,66894.36666666667
芸スポ速報+,2019-10,73694.25806451614
芸スポ速報+,2019-11,73200.26666666666
芸スポ速報+,2019-12,60663.48387096774
芸スポ速報+,2020-01,71771.0
芸スポ速報+,2020-02,63407.48275862069
芸スポ速報+,2020-03,69925.03225806452
芸スポ速報+,2020-04,80014.56666666667
芸スポ速報+,2020-05,71745.29032258065
芸スポ速報+,2020-06,61003.066666666666
芸スポ速報+,2020-07,60088.25806451613
芸スポ速報+,2020-08,54943.87096774193
芸スポ速報+,2020-09,56326.86666666667
芸スポ速報+,2020-10,51702.58064516129
芸スポ速報+,2020-11,50200.73333333333
芸スポ速報+,2020-12,43471.1935483871
芸スポ速報+,2021-01,53319.967741935485
芸スポ速報+,2021-02,53492.57142857143
芸スポ速報+,2021-03,47531.096774193546
芸スポ速報+,2021-04,50063.13333333333
芸スポ速報+,2021-05,42848.3870967742
芸スポ速報+,2021-06,48403.566666666666
芸スポ速報+,2021-07,73392.7741935484
芸スポ速報+,2021-08,76682.6129032258
芸スポ速報+,2021-09,49995.8064516129
芸スポ速報+,2021-10,50404.87096774193
芸スポ速報+,2021-11,57412.86666666667
芸スポ速報+,2021-12,50435.06451612903
芸スポ速報+,2022-01,61222.83870967742
芸スポ速報+,2022-02,72926.14285714286
芸スポ速報+,2022-03,50097.77419354839
芸スポ速報+,2022-04,49064.73333333333
芸スポ速報+,2022-05,48938.74193548387
芸スポ速報+,2022-06,40647.63333333333
芸スポ速報+,2022-07,36683.87096774193
芸スポ速報+,2022-08,27126.225806451614
芸スポ速報+,2022-09,29728.7
芸スポ速報+,2022-10,33344.290322580644
芸スポ速報+,2022-11,41002.7
芸スポ速報+,2022-12,45095.45161290323
芸スポ速報+,2023-01,44055.645161290326
芸スポ速報+,2023-02,52916.75
芸スポ速報+,2023-03,62064.51612903226
芸スポ速報+,2023-04,31183.1
芸スポ速報+,2023-05,35914.032258064515
芸スポ速報+,2023-06,35366.933333333334
芸スポ速報+,2023-07,34492.74193548387
芸スポ速報+,2023-08,42414.903225806454
芸スポ速報+,2023-09,61568.5
芸スポ速報+,2023-10,47491.51612903226
芸スポ速報+,2023-11,51892.666666666664
芸スポ速報+,2023-12,46132.22580645161
芸スポ速報+,2024-01,79606.09677419355
芸スポ速報+,2024-02,70260.24137931035
芸スポ速報+,2024-03,62331.09375
芸スポ速報+,2024-04,35683.13333333333
芸スポ速報+,2024-05,28359.548387096773
芸スポ速報+,2024-06,31102.1
芸スポ速報+,2024-07,33615.653846153844
